index,artist,title,mood,split
ML217,Etta James,A Sunday Kind Of Love,relaxed,train
ML1308,Willie Nelson,Sad Songs And Waltzes,sad,train
ML1617,Peaches,Fuck The Pain Away,happy,train
ML515,Megadeth,Use the Man,angry,train
ML1051,AFI,Silver And Cold,sad,train
ML1294,Johnny Paycheck,Take This Job and Shove It,happy,train
ML74,COLD,Stupid Girl,angry,train
ML1241,Diamond Head,Am I Evil?,angry,train
ML1124,Thievery Corporation,Amerimacka ,relaxed,train
ML1946,Dew-Scented,Blueprints of hate,angry,train
ML771,Ice Cube,The Nigga Ya Love to Hate,angry,train
ML1580,The Jackson 5,The Love You Save,happy,train
ML1020,"""Weird Al"" Yankovic",Eat It,happy,train
ML187,Carrie Underwood,I Told You So,sad,train
ML1021,Suicidal Tendencies,Institutionalized,angry,train
ML270,Megadeth,Moto Psycho,angry,train
ML15,The Proclaimers,I'm On My Way,happy,train
ML1503,Ween,Boys Club,happy,train
ML1217,Serge Gainsbourg,Comic Strip,happy,train
ML1143,The Dillinger Escape Plan,The Mullet Burden,angry,train
ML503,Eric Burdon,Don't Let Me Be Misunderstood,angry,train
ML1396,Patrick Wolf,To the Lighthouse,sad,train
ML1909,Tori Amos,Professional Widow,angry,train
ML1553,The Beatles,Please Please Me,happy,train
ML871,Cut Chemist,Spoon,relaxed,train
ML499,Luther Vandross,I'd Rather,relaxed,train
ML1509,Queens Of The Stone Age,Feel Good Hit Of The Summer,happy,train
ML1397,Anthrax,A.I.R.,angry,train
ML1249,Joni Mitchell,Shine,relaxed,train
ML1992,Static-X,No Submission,angry,train
ML419,Marilyn Manson,A Place In The Dirt,sad,train
ML452,"""Weird Al"" Yankovic",Christmas At Ground Zero,happy,train
ML822,Celtic Woman,Over The Rainbow,relaxed,train
ML439,Shania Twain,I'm Gonna Getcha Good!,happy,train
ML1584,Böhse Onkelz,"Bin ich nur glücklich, wenn es schmerzt",sad,train
ML677,Amel Larrieux,Weather,relaxed,train
ML1987,Turin Brakes,Future Boy,relaxed,train
ML365,Scissor Sisters,Take Your Mama,happy,train
ML472,Bob Dylan,Gotta Serve Somebody,relaxed,train
ML1118,Sophie Milman,Back Home To Me,relaxed,train
ML1486,We Are Scientists,What's The Word,angry,train
ML642,Jane Monheit,Detour Ahead,relaxed,train
ML1616,Andrew Bird,Armchairs,relaxed,train
ML526,Rage Against the Machine,Sleep Now in the Fire,angry,train
ML1912,Slayer,Ghosts Of War,angry,train
ML1577,Pato Fu,30.000 Pés,relaxed,train
ML501,Rocco DeLuca & The Burden,Gift,sad,train
ML319,My Bloody Valentine,Nothing Much to Lose,sad,train
ML1288,Rage Against the Machine,Pistol Grip Pump,angry,train
ML1524,Blink 182,Adam's Song,angry,train
ML1498,Jamie Lidell,Multiply,happy,train
ML1187,Yardbirds,I'm a Man,angry,train
ML149,Black Sabbath,Sabbath Bloody Sabbath,angry,train
ML1612,José González,Stay In The Shade,relaxed,train
ML73,Slayer,Spiritual Law,angry,train
ML788,Vienna Teng,Green Island Serenade,relaxed,train
ML1676,Deee-Lite,Groove Is In The Heart,happy,train
ML244,Goldfrapp,Lovely 2 C U,happy,train
ML1488,Anaal Nathrakh,The Destroying Angel,angry,train
ML742,Guns N Roses,Mr. Brownstone,angry,train
ML7,Manic Street Preachers,Ifwhiteamericatoldthetruthforonedayit'sworldwouldfallapart,angry,train
ML463,Sarah Blasko,For You,relaxed,train
ML1771,Sondre Lerche,To Be Surprised,happy,train
ML565,Sparta,Echodyne Harmonic,relaxed,train
ML1197,Ozzy Osbourne,Gets Me Through,angry,train
ML1430,Celtic Woman,The Sky And The Dawn And The Sun,relaxed,train
ML1681,Curtis Mayfield,Future Shock,angry,train
ML1895,Venom,Warhead,angry,train
ML940,Cake,Pretty Pink Ribbon,happy,train
ML1361,Deep Forest,Forest Hymn,relaxed,train
ML1890,Juana Molina,La Verdad,relaxed,train
ML315,Brooks & Dunn,Neon Moon,sad,train
ML1914,India.Arie,The Truth,relaxed,train
ML831,The Rocket Summer,Hold It Up,happy,train
ML1496,Harry Belafonte,Jump in the Line,happy,train
ML770,India.Arie,God Is Real,relaxed,train
ML13,Garbage,Silence Is Golden,angry,train
ML1531,Chris Garneau,Things She Said,sad,train
ML1740,Slayer,Hate Worldwide,angry,train
ML991,Kaskade,Your Love Is Black,sad,train
ML574,Diary of Dreams,Tears of Laughter,sad,train
ML1900,Christina Aguilera,Hurt,angry,train
ML1794,American Music Club,The Confidential Agent,sad,train
ML1415,Dianne Reeves,One For My Baby,relaxed,train
ML32,Lamb,Written,relaxed,train
ML532,Joe Nichols,Tequila Makes Her Clothes Fall Off,happy,train
ML234,New York Dolls,Personality Crisis,angry,train
ML198,Ricky Martin,Livin' La Vida Loca,happy,train
ML679,Love Is All,Make Out Fall Out Make Up,sad,train
ML1227,Ricky Martin,She Bangs,happy,train
ML1824,Sibylle Baier,Girl,relaxed,train
ML764,The Black Dahlia Murder,Miasma,angry,train
ML251,Throwing Muses,Counting Backwards,angry,train
ML487,In Flames,Swim,happy,train
ML190,Queensryche,The Needle Lies,angry,train
ML376,Secondhand Serenade,End,sad,train
ML605,Gwen Stefani,Wind It Up,happy,train
ML1299,The Cure,Out Of This World,sad,train
ML1825,Ice Cube,Endangered Species (Tales From the Darkside),angry,train
ML1069,L7,Shitlist,angry,train
ML772,Frankie Valli,Grease,happy,train
ML981,Róisín Murphy,Primitive,happy,train
ML1766,We Are The Fallen,Tear The World Down,sad,train
ML851,Lene Marlin,Unforgivable Sinner,sad,train
ML392,The Faint,Paranoiattack,happy,train
ML368,Bruce Hornsby,Fields Of Gray,relaxed,train
ML397,Foo Fighters,"Cheer Up, Boys (Your Make Up Is Running)",happy,train
ML1888,Gillian Welch,By The Mark,relaxed,train
ML1623,Mazzy Star,Free,relaxed,train
ML300,Lene Marlin,Disguise,relaxed,train
ML181,Jane Monheit,More Than You Know,relaxed,train
ML345,Espers,Meadow,relaxed,train
ML976,Spice Girls,Love Thing,happy,train
ML1920,Dwele,Find A Way,relaxed,train
ML1579,Hawk Nelson,Everything You Ever Wanted,sad,train
ML614,Supergrass,Brecon Beacons,happy,train
ML547,Celtic Woman,The Wexford Carol,relaxed,train
ML1467,Gwen Stefani,Rich Girl,happy,train
ML850,Mastodon,Siberian Divide,angry,train
ML1207,Sepultura,Dead Embryonic Cells,angry,train
ML385,Idlewild,A Modern Way Of Letting Go,angry,train
ML1604,Brother Ali,Walking Away,sad,train
ML82,Good Charlotte,Girls & Boys,happy,train
ML1984,Mortal Love,All The Beauty,sad,train
ML1937,Cut Off Your Hands,Oh Girl,happy,train
ML1717,God Module,Sections,sad,train
ML1477,The Ruts,Babylon's Burning,angry,train
ML549,Sade,Babyfather,relaxed,train
ML1982,Calvin Harris,Disco Heat,happy,train
ML1067,Neko Case,The Tigers Have Spoken,sad,train
ML203,Violent Femmes,I Know It's True but I'm Sorry to Say,sad,train
ML676,Justin Timberlake,Like I Love You,happy,train
ML455,Skinny Puppy,Assimilate,angry,train
ML1853,Jean Grae,My Story,sad,train
ML1883,Nine Inch Nails,Something I Can Never Have,sad,train
ML1494,Leonard Cohen,Teachers,sad,train
ML150,AC/DC,Flick of the Switch,angry,train
ML206,Anthrax,Potters Field,angry,train
ML1206,Silverchair,Spawn Again,angry,train
ML266,De-Phazz,Belle de Jour,relaxed,train
ML752,Sick Puppies,You're Going Down,angry,train
ML36,Stephen Lynch,Country Love Song,happy,train
ML1393,Bone Thugs-N-Harmony,Weed Song,relaxed,train
ML952,Jens Lekman,Friday Night at the Drive-In Bingo,happy,train
ML1576,Carbon Leaf,Changeless,relaxed,train
ML1571,Boney James,In The Rain ,relaxed,train
ML16,50 Cent,My Gun Go Off,angry,train
ML1960,Triumph the Insult Comic Dog,I Keed (Album Version),happy,train
ML247,Tarkan,Simarik,happy,train
ML563,Marilyn Manson,Irresponsible Hate Anthem,angry,train
ML1787,Okkervil River,It Ends With a Fall,sad,train
ML461,Dead Kennedys,Your Emotions,angry,train
ML1223,The Wiseguys,Ooh La La,happy,train
ML1639,We Are The Fallen,I Am Only One,sad,train
ML1493,Diamanda Galás,Free Among the Dead,angry,train
ML1117,Japan,Obscure Alternatives,sad,train
ML922,Yael Naïm,Too Long,relaxed,train
ML276,Sara Gazarek,You Got By,relaxed,train
ML194,K's Choice,If You're Not Scared,sad,train
ML690,Village People,In the Navy,happy,train
ML1251,The Cure,Three Imaginary Boys,sad,train
ML793,A Perfect Circle,People Are People,relaxed,train
ML830,Shout Out Louds,Never Ever,happy,train
ML1417,Red House Painters,Medicine Bottle,sad,train
ML761,Joan Baez,The Night They Drove Old Dixie Down,sad,train
ML1038,Nine Inch Nails,March Of The Pigs,angry,train
ML1963,Jamie Cullum,These Are The Days,relaxed,train
ML128,Guided by Voices,Don't Stop Now,sad,train
ML1594,Slayer,Flesh Storm,angry,train
ML1390,Ice Cube,How to Survive in South Central,angry,train
ML791,The Organ,There Is Nothing I Can Do,sad,train
ML998,Bauhaus,Slice Of Life,sad,train
ML1718,Dawn Landes,You Alone,sad,train
ML367,Radiohead,Fitter Happier,sad,train
ML1440,Kiss,Black Diamond,happy,train
ML1795,Minnie Riperton,Memory Lane,relaxed,train
ML658,Spahn Ranch,The Conversation,sad,train
ML654,Megadeth,Blood of Heroes,angry,train
ML806,Megadeth,Vortex,angry,train
ML1084,Lucie Silvas,Nothing Else Matters,sad,train
ML1686,Cyndi Lauper,I Drove All Night,happy,train
ML336,Bananarama,Cruel Summer,happy,train
ML887,Ice Cube,Wicked,angry,train
ML1815,Sophie Ellis-Bextor,Can't Have It All,sad,train
ML89,Shania Twain,Man! I Feel Like A Woman!,happy,train
ML607,Reel Big Fish,Ban The Tube Top,happy,train
ML1595,Limp Bizkit,Nookie,angry,train
ML489,Jack Johnson,Constellations,relaxed,train
ML1461,Mayer Hawthorne,A Strange Arrangement,relaxed,train
ML1831,Paris Hilton,Fightin' Over Me ,happy,train
ML459,AC/DC,Down Payment Blues,angry,train
ML1561,Dope,Die Motherfucker Die,angry,train
ML732,Sun Kil Moon,Neverending Math Equation,relaxed,train
ML588,Ben Folds Five,Cigarette,sad,train
ML295,Rufus Wainwright,11:11,relaxed,train
ML347,Motörhead,Orgasmatron,angry,train
ML907,Ween,Monique the Freak,happy,train
ML1578,Remy Shand,Take A Message,relaxed,train
ML1188,Teddy Geiger,Gentlemen,relaxed,train
ML1976,R.E.M.,Moon River,sad,train
ML874,Jefferson Starship,Miracles,relaxed,train
ML857,The Dresden Dolls,Girl Anachronism,angry,train
ML20,The Streets,Never Went to Church,sad,train
ML1088,Boards of Canada,Aquarius,relaxed,train
ML1318,Lisa Ekdahl,Only You,relaxed,train
ML78,Loverboy,Hot Girls In Love,happy,train
ML199,Soundgarden,Limo Wreck,sad,train
ML301,Faithless,One Step Too Far,relaxed,train
ML1852,Dirty Sanchez,Dig It,happy,train
ML161,Anthrax,Among the Living,angry,train
ML456,Hope of the States,Me Ves Y Sufres,sad,train
ML1770,Mando Diao,You Can't Steal My Love,happy,train
ML1624,Monster Magnet,Powertrip,angry,train
ML331,Little River Band,Reminiscing,relaxed,train
ML1105,Otep,T.R.I.C.,angry,train
ML1675,The Mars Volta,Roulette Dares (The Haunt Of),angry,train
ML1573,The Black Ghosts,Full Moon,relaxed,train
ML393,Megadeth,Countdown to Extinction,angry,train
ML1476,M83,She Stands Up,relaxed,train
ML829,Ida Maria,Louie,happy,train
ML362,The Black Keys,Your Touch,happy,train
ML103,Reel 2 Real,I Like to Move It,happy,train
ML1607,KC And The Sunshine Band,Get Down Tonight,happy,train
ML1843,Patti LaBelle,New Day,relaxed,train
ML776,Scissor Sisters,She's My Man,happy,train
ML833,The Coral,Shadows Fall,happy,train
ML1919,Mohombi,Bumpy Ride,happy,train
ML413,Abba,Thank You For The Music,happy,train
ML722,Rasputina,Watch T.V.,sad,train
ML635,Tindersticks,Walking,sad,train
ML985,ERA,Cathar Rhythm,relaxed,train
ML692,Britney Spears,Brave New Girl,happy,train
ML534,Beach House,House on the Hill,relaxed,train
ML1739,Jarvis Cocker,Running The World,angry,train
ML164,As I Lay Dying,An Ocean Between Us,angry,train
ML845,Marilyn Manson,Little Horn,angry,train
ML689,Slayer,Piece by Piece,angry,train
ML92,Angie Stone,U-Haul,relaxed,train
ML1586,Dr. Hook,Sylvia's Mother,sad,train
ML820,Korn,Thoughtless,angry,train
ML775,Kelis,Caught Out There,angry,train
ML299,Haley Bonar,Blue Ridge Mountains,relaxed,train
ML1923,Marilyn Manson,Misery Machine,angry,train
ML145,Sarah Blasko,The Woman By The Well,relaxed,train
ML1660,Tool,Intolerance,angry,train
ML277,The Black Crowes,Walk Believer Walk,happy,train
ML444,Laura Marling,Your Only Doll (Dora),relaxed,train
ML1128,Nick Cave and the Bad Seeds,Where Do We Go Now But Nowhere,sad,train
ML938,Gary Numan,Rip,sad,train
ML248,Juanes,Nada Valgo Sin Tu Amor,happy,train
ML243,Amber Pacific,Poetically Pathetic (Acoustic),sad,train
ML602,Brain Drill,Revelation,angry,train
ML1777,DIR EN GREY,鼓動,sad,train
ML1958,Richard Hell & the Voidoids,Love Comes in Spurts,angry,train
ML141,of Montreal,Touched Something's Hollow,sad,train
ML1875,Ensiferum,Slayer Of Light,angry,train
ML1878,Devin Townsend,Bad Devil,angry,train
ML1011,Guns N' Roses,This I Love,sad,train
ML901,Anberlin,Hello Alone,angry,train
ML651,Rihanna,Breakin' Dishes,angry,train
ML1302,Seu Jorge,Rebel Rebel,relaxed,train
ML666,Burzum,Dunkelheit,sad,train
ML750,A Tribe Called Quest,1nce Again,relaxed,train
ML556,Vanessa Carlton,More Than This,relaxed,train
ML1939,Zeromancer,Houses of Cards,sad,train
ML691,Deep Dish,Flashdance,happy,train
ML1030,K's Choice,Another Year,sad,train
ML804,Lily Holbrook,Welcome to the Slaughterhouse,sad,train
ML90,Björn Rosenström,Mamma,happy,train
ML858,Scars of life,Bullet with your name,angry,train
ML144,Mickey & Sylvia,Love Is Strange,happy,train
ML568,Cowboy Junkies,Lay It Down,relaxed,train
ML1133,Survivor,Eye of the Tiger,angry,train
ML1954,The Maine,The Way We Talk,happy,train
ML1462,Destroyer,Foam Hands,sad,train
ML1298,The Jets,Make It Real,sad,train
ML1974,The Crazy World of Arthur Brown,Fire,angry,train
ML567,Motorhead,Ace of Spades,angry,train
ML1951,David Sanborn,Try A Little Tenderness,relaxed,train
ML313,Beatallica,And I'm Evil,happy,train
ML80,The Foreshadowing,The Wandering,sad,train
ML1214,Patty Griffin,Heavenly Day,relaxed,train
ML396,Toni Basil,Mickey,happy,train
ML1650,No Doubt,Rock Steady,relaxed,train
ML369,Counting Crows,St. Robinson In His Cadillac Dream,relaxed,train
ML688,Britney Spears,Ooh Ooh Baby,happy,train
ML483,Donald Fagen,Morph The Cat,relaxed,train
ML1949,Anathema,Far Away,sad,train
ML531,Radiohead,We Suck Young Blood,sad,train
ML856,John Lennon,I Found Out,angry,train
ML1521,Billy Talent,Pins and Needles,sad,train
ML381,Ace of Base,Don't Turn Around,happy,train
ML1715,Westlife,Uptown Girl,happy,train
ML1582,Little Brother,Nighttime Maneuvers,relaxed,train
ML592,Peaches,Shake Yer Dix,happy,train
ML1410,Yo La Tengo,Black Flowers,relaxed,train
ML281,The Sisters Of Mercy,Under the Gun,sad,train
ML1881,Muse,Yes Please,angry,train
ML785,Mark Kozelek,Bad Boy Boogie,sad,train
ML1997,Prince,"Beautiful, Loved and Blessed",relaxed,train
ML659,Common,Faithful,relaxed,train
ML1804,David Holmes,Gritty Shaker,happy,train
ML1428,Evanescence,Haunted,sad,train
ML328,Tim Buckley,Morning Glory,sad,train
ML1609,Air,New Star in the Sky,relaxed,train
ML576,Gwen Stefani,Hollaback Girl,happy,train
ML1469,Slayer,Here Comes the Pain,angry,train
ML1668,Tracey Thorn,A-Z,sad,train
ML1066,Mortiis,Everyone Leaves,sad,train
ML1915,Neutral Milk Hotel,April 8th,sad,train
ML1600,Grace Jones,I'm Crying (Mother's Tears),sad,train
ML1203,Powderfinger,My Kind Of Scene,relaxed,train
ML8,Emerson Hart,If You're Gonna Leave,sad,train
ML864,Ron Sexsmith,Snow Angel,relaxed,train
ML1690,Lady Gaga,Teeth,happy,train
ML1823,Narsilion,A Night in Fairyland,relaxed,train
ML1856,Todd Rundgren,Bang The Drum All Day,happy,train
ML1106,Pat Monahan,Her Eyes,happy,train
ML343,José González,Lovestain,relaxed,train
ML1788,Anathallo,Kasa No Hone (the umbrella's bones),relaxed,train
ML1158,Ice-T,O.G. Original Gangster,angry,train
ML1284,Slayer,Crypts of Eternity,angry,train
ML627,Touch and Go,Would You...?,happy,train
ML1338,Question Mark & The Mysterians,96 Tears,angry,train
ML273,Ida Maria,I Like You So Much Better When You're Naked,happy,train
ML1855,Todd Rundgren,Song of the Viking,happy,train
ML1844,Karen O and the Kids,Rumpus,happy,train
ML1032,White Town,Your Woman,happy,train
ML950,Jane Monheit,Over The Rainbow,relaxed,train
ML1760,Grand National,Peanut Dreams,relaxed,train
ML707,S Club 7,Bring It All Back,happy,train
ML1956,Howie Day,Numbness For Sound,sad,train
ML344,Corinne Bailey Rae,I Would Like To Call It Beauty,relaxed,train
ML1896,The Alan Parsons Project,The Cask Of Amontillado,sad,train
ML903,Great Big Sea,Captain Wedderburn,relaxed,train
ML1060,The Tokens,The Lion Sleeps Tonight,happy,train
ML1130,Lit,Miserable,sad,train
ML1993,Primordial,Gallows Hymn,sad,train
ML182,Rage Against the Machine,How I Could Just Kill A Man,angry,train
ML138,Atlas Sound,River Card,relaxed,train
ML1220,Edyta Górniak,Soul Boy,relaxed,train
ML929,Acid Bath,Toubabo Koomi,angry,train
ML1953,Bodo Wartke,Ich trau mich nicht,happy,train
ML1614,Dubstar,St. Swithin's Day,relaxed,train
ML1615,Ween,Voodoo Lady,happy,train
ML753,The Fratellis,Vince The Loveable Stoner,happy,train
ML649,Ministry,Just One Fix,angry,train
ML1045,George Michael,Freeek! '04,happy,train
ML391,Tim Buckley,Dolphins,sad,train
ML1502,The Pierces,Lights On,happy,train
ML1162,Mark Lanegan,Kingdoms Of Rain,sad,train
ML898,The Mamas & The Papas,Words Of Love,relaxed,train
ML1871,Jesu,Silver,sad,train
ML902,U2,A Man And A Woman,happy,train
ML178,Enzo Jannacci,Ho Visto Un Re,happy,train
ML888,Delta Goodrem,Fragile,sad,train
ML475,Spiritualized,Let It Flow,relaxed,train
ML409,The Cure,One Hundred Years,sad,train
ML117,Dream Theater,The Enemy Inside,angry,train
ML716,Keren Ann,In Your Back,relaxed,train
ML152,Sepultura,Territory,angry,train
ML321,System of a Down,Chop Suey!,angry,train
ML132,Stephen Lynch,For The Ladies,happy,train
ML1357,Emily Jane White,The Demon,sad,train
ML366,Noir Désir,7 Minutes,angry,train
ML817,Jazzanova,Look What You're Doin' To Me,relaxed,train
ML522,Anthrax,This Is Not an Exit,angry,train
ML272,Scissor Sisters,Laura,happy,train
ML1327,Apostle of Hustle,Animal Fat,relaxed,train
ML867,The Pierces,Boy in a Rock and Roll Band,happy,train
ML85,The Jam,Bricks And Mortar,angry,train
ML1534,Panzer AG,Filth God,angry,train
ML292,The Jacksons,This Place Hotel,sad,train
ML1833,Black Flag,Jealous Again,angry,train
ML302,Ayreon,Day One: Vigil,sad,train
ML671,Anthony David,Something About You,relaxed,train
ML536,Apocalyptica,Bittersweet,sad,train
ML1666,Abra Moore,Sorry,relaxed,train
ML1535,Green Day,Platypus,angry,train
ML687,Anthrax,Bring the Noise,angry,train
ML1522,Megadeth,Crush 'Em,angry,train
ML1475,Scandinavian Music Group,Ilman sinua olen lyijyä,sad,train
ML1630,JC Chasez,Dear Goodbye,sad,train
ML405,Sam Sparro,Pocket,happy,train
ML418,Magnet,Overjoyed,relaxed,train
ML978,Rammstein,Benzin,angry,train
ML410,Faunts,Gone With The Day,relaxed,train
ML100,Queen,Crazy Little Thing Called Love,happy,train
ML322,Antimatter,The Freak Show,sad,train
ML582,The Cat Empire,The Wine Song,happy,train
ML1233,Lil' Kim,Magic Stick ,happy,train
ML745,Saybia,Guardian Angel,sad,train
ML778,Matt Wertz,Like The Last Time,relaxed,train
ML84,Saybia,The One For You,sad,train
ML1972,"""Weird Al"" Yankovic",Polkas On 45,happy,train
ML1735,NOFX,Murder The Government,angry,train
ML1950,The Velvet Underground,Sunday Morning,relaxed,train
ML1882,Scissor Sisters,Filthy/Gorgeous,happy,train
ML1229,The Contours,Do You Love Me,happy,train
ML951,Donald Fagen,The Great Pagoda Of Funn,relaxed,train
ML1929,Ben Folds Five,Brick,sad,train
ML1110,Kings Of Convenience,Know-How,relaxed,train
ML591,Incognito,Everybody Loves The Sunshine,relaxed,train
ML1901,The Stooges,T.V. Eye,angry,train
ML1634,Alanis Morissette,All I Really Want,angry,train
ML684,R. Kelly & Public Announcement,She's Got That Vibe,happy,train
ML1709,The Byrds,He Was A Friend Of Mine,sad,train
ML1101,Rage Against the Machine,Know Your Enemy,angry,train
ML1491,Blue Oyster Cult,Godzilla,angry,train
ML670,Dead Boys,Sonic Reducer,angry,train
ML1773,Atari Teenage Riot,Too Dead for Me,angry,train
ML584,Tom Petty And The Heartbreakers,The Dark Of the Sun,relaxed,train
ML502,Pig Destroyer,Piss Angel,angry,train
ML458,The White Stripes,My Doorbell,happy,train
ML782,Tindersticks,Travelling Light,sad,train
ML282,Audio Bullys,Get Myself on Track,sad,train
ML1765,Queen,Flash,happy,train
ML1552,Free,All Right Now,happy,train
ML1274,Hole,Reasons To Be Beautiful,sad,train
ML237,Diamanda Galás,Deliver Me From Mine Enemies,angry,train
ML897,Man Man,Feathers,sad,train
ML464,Yelle,Je Veux Te Voir (Club-Club Version),happy,train
ML1743,Police,Can't Stand Losing You,angry,train
ML1356,Papas Fritas,Way You Walk,happy,train
ML1312,At The Drive-In,Cosmonaut,angry,train
ML271,Delays,Touch Down,relaxed,train
ML106,Kanye West,We Don't Care,happy,train
ML754,Flowing Tears,Lovesong For A Dead Child,sad,train
ML1004,Evan Rachel Wood,Hold Me Tight,happy,train
ML1365,Skinny Puppy,Candle,sad,train
ML12,The Tallest Man on Earth,Love Is All,sad,train
ML1389,Portishead,Magic Doors,sad,train
ML249,Lupe Fiasco,"Kick, Push",relaxed,train
ML779,Ella Fitzgerald,Solitude ,relaxed,train
ML435,Marillion,The Invisible Man,sad,train
ML135,DMX,We in Here,angry,train
ML1626,Crippled Black Phoenix,Burnt Reynolds,sad,train
ML1513,Louis Armstrong,Nobody Knows The Trouble I've Seen,sad,train
ML225,The Blackbyrds,Walking In Rhythm,happy,train
ML1651,Tori Amos,Tombigbee,angry,train
ML529,Lenny Kravitz,Can We Find A Reason?,sad,train
ML304,Lucinda Williams,Greenville,sad,train
ML843,Thousand Foot Krutch,Favorite Disease,sad,train
ML1898,Dierks Bentley,What Was I Thinkin',happy,train
ML932,Florence + The Machine,Blinding,sad,train
ML380,Basement Jaxx,Cish Cash ,happy,train
ML1851,Rage Against the Machine,In My Eyes,angry,train
ML1726,Barry Mann,Who Put The Bomp ,happy,train
ML131,DJ Sammy,The Boys Of Summer,happy,train
ML757,Buster Poindexter,Hot Hot Hot,happy,train
ML1336,Kool & The Gang,Summer Madness,relaxed,train
ML139,Tiger Lou,The Wake/Hooray Hooray,relaxed,train
ML440,Stevie Wonder,Part-Time Lover,happy,train
ML375,Saliva,Back Into Your System,relaxed,train
ML723,Eminem,My Name Is,happy,train
ML908,Adverts,Gary Gilmore's Eyes,angry,train
ML283,Porcupine Tree,The Sleep of No Dreaming,sad,train
ML1341,João Gilberto,Samba Da Minha Terra,relaxed,train
ML1894,Air,Cherry Blossom Girl (Radio Mix),relaxed,train
ML357,Mae,Sun (acoustic),relaxed,train
ML314,Korn,Chi,angry,train
ML1621,Red House Painters,San Geronimo,sad,train
ML1264,blink-182,Aliens Exist,happy,train
ML104,Kelly Clarkson,Already Gone,sad,train
ML1748,Enigma,Callas Went Away,relaxed,train
ML604,Grace Jones,Pull Up To The Bumper,happy,train
ML1796,Gary Numan,One Perfect Lie,sad,train
ML1610,Children of Bodom,Hatebreeder,angry,train
ML1090,Doug Stone,I'd Be Better Off (In A Pine Box),sad,train
ML1333,Janina,Nachts um halb drei,happy,train
ML1424,KMFDM,Don't Blow Your Top,angry,train
ML1391,Ricky Martin,La Bomba,happy,train
ML1131,Azam Ali,From Heaven to Dust,relaxed,train
ML1560,The Fall,Middle Class Revolt,angry,train
ML111,Mudvayne,Dig,angry,train
ML1934,Ryan Adams,This House Is Not For Sale,relaxed,train
ML559,Enya,Water Shows the Hidden Heart,relaxed,train
ML1081,Holly Brook,Saturdays,relaxed,train
ML1464,Thirteen Senses,Undivided,sad,train
ML1540,The Gathering,Golden Grounds,sad,train
ML1910,ATB,Marrakech,relaxed,train
ML94,Katie Melua,If The Lights Go Out,relaxed,train
ML1511,Maps,Glory Verse,relaxed,train
ML263,Pixies,Gigantic,happy,train
ML1541,Anouk,For Bitter Or Worse,sad,train
ML1109,Marilyn Manson,Burning Flag,angry,train
ML303,Rainbow,Catch The Rainbow,sad,train
ML1454,Eftos,Hyaluron,angry,train
ML828,Machine Head,"The Blood, the Sweat, the Tears",angry,train
ML1750,Katatonia,Leaders,sad,train
ML490,Low,Bright,sad,train
ML960,Squarepusher,A Real Woman,happy,train
ML488,Tom Lehrer,I Wanna Go Back To Dixie,happy,train
ML644,Mobb Deep,Survival of the Fittest,angry,train
ML1854,The Mars Volta,Inertiatic Esp,angry,train
ML777,The Innocence Mission,Lake Shore Drive,relaxed,train
ML703,Fleet Foxes,Blue Ridge Mountains,relaxed,train
ML1225,Saosin,It's So Simple,angry,train
ML1196,System of a Down,Prison Song,angry,train
ML46,Ulrich Schnauss,Wherever You Are,relaxed,train
ML1404,Meryl Streep,The Winner Takes It All,sad,train
ML352,Megadeth,Washington Is Next!,angry,train
ML1160,D'Angelo,Africa,relaxed,train
ML40,Hooverphonic,The Magnificent Tree,relaxed,train
ML1832,The Smiths,What Difference Does It Make?,sad,train
ML1445,Unbelievable Truth,Dune Sea,sad,train
ML1000,Bowling For Soup,Almost,happy,train
ML1374,Nick Cave and the Bad Seeds,Lovely Creature,sad,train
ML137,Maria Taylor,Two Of Those Too (Album Version),relaxed,train
ML818,Wir sind Helden,Darf Ich Das Behalten,sad,train
ML174,Britney Spears,If U Seek Amy,happy,train
ML208,Chevelle,The Red,angry,train
ML123,Jack Johnson,"They Do, They Don't",relaxed,train
ML920,Al Green,Let's Get Married,relaxed,train
ML1932,DIR EN GREY,GRIEF,angry,train
ML1998,Deine Lakaien,The Game,sad,train
ML407,Fischerspooner,Tone Poem,relaxed,train
ML1587,Eminem,Soldier,angry,train
ML1799,Steely Dan,Things I Miss The Most,relaxed,train
ML862,Stevie Wonder,Love Light In Flight,happy,train
ML1089,Metallica,Phantom Lord,angry,train
ML1908,Diary of Dreams,Portrait Of A Cynic,sad,train
ML126,The Saturdays,Fall,sad,train
ML566,The Champs,Tequila,happy,train
ML1585,Enigma,Return to Innocence,relaxed,train
ML637,Howlin' Wolf,Smokestack Lightning,angry,train
ML1655,Immortal Technique,The 4th Branch,angry,train
ML157,The Supremes,Love Is Like An Itching In My Heart,happy,train
ML718,Art Brut,Modern Art,happy,train
ML1111,Enya,Oíche Chiúin (Silent Night),relaxed,train
ML1409,The Hoosiers,Worst Case Scenario,happy,train
ML641,The Hoosiers,Cops and Robbers,happy,train
ML188,Scissor Sisters,Lights,happy,train
ML578,Peaches,Downtown,happy,train
ML256,Maria Mena,Monday Morning,relaxed,train
ML1603,Kayo Dot,Immortelle and Paper Caravelle,relaxed,train
ML838,The Mountain Goats,So Desperate,sad,train
ML564,The Puppini Sisters,Soho Nights,happy,train
ML562,Dope,Everything Sucks,angry,train
ML1809,Cake,Where Would I Be?,sad,train
ML1053,Ben Folds,Rockin' The Suburbs,happy,train
ML1505,The Cinematic Orchestra,Burn Out,relaxed,train
ML1183,Busted,Year 3000,happy,train
ML514,Barry White,"Honey Please, Can't Ya See",happy,train
ML382,Nerf Herder,High School,happy,train
ML1439,Lykke Li,Sadness Is A Blessing,sad,train
ML751,Stevie Wonder,Ribbon In The Sky,relaxed,train
ML1669,Björk,Army Of Me,angry,train
ML1375,Wu-Tang Clan,Impossible,sad,train
ML628,Britney Spears,Anticipating,happy,train
ML1700,Tupac Shakur,Fuck the World,angry,train
ML1714,Mando Diao,Clean Town,happy,train
ML169,Shakira,Un Poco De Amor,happy,train
ML928,My Dying Bride,My Wine in Silence,sad,train
ML1613,The New Pornographers,Star Bodies,happy,train
ML97,U2,Sunday Bloody Sunday,angry,train
ML453,Marius Müller-Westernhagen,Johnny W.,sad,train
ML1646,John Denver,Grandma's Feather Bed,happy,train
ML1663,Will Young,Who Am I,sad,train
ML1849,Natasha Bedingfield,I Wanna Have Your Babies,happy,train
ML430,My Dying Bride,A Doomed Lover,sad,train
ML1911,Death Cab For Cutie,Soul Meets Body (Rolling Stone Original),relaxed,train
ML698,Arcade Fire,Black Mirror,sad,train
ML954,Mýa,Now or Never,happy,train
ML415,The Cyrkle,The Visit (She Was Here),relaxed,train
ML524,The Black Heart Procession,The Invitation,sad,train
ML1720,Beth Rowley,Angel Flying Too Close To The Ground,sad,train
ML1924,Titus Andronicus,Arms Against Atrophy,angry,train
ML1772,The Most Serene Republic,Proposition 61,relaxed,train
ML52,Fourplay,Fields Of Gold,relaxed,train
ML661,The Coral,She's Got A Reason,relaxed,train
ML737,Sleeper,Lie Detector,happy,train
ML697,Marilyn Manson,Great Big White World,sad,train
ML1210,Black Sabbath,Lonely Is The Word,sad,train
ML1507,Stina Nordenstam,The End of a Love Affair,sad,train
ML1927,Lisa Ekdahl,Öppna Upp Ditt Fönster,happy,train
ML1178,ElectroVamp,Drinks Taste Better When They're Free,happy,train
ML1784,You Love Her Coz She's Dead,Superheroes,angry,train
ML1918,High On Fire,The Face of Oblivion,angry,train
ML1144,Atari Teenage Riot,Revolution Action,angry,train
ML535,Bloodhound Gang,You're Pretty When I'm Drunk,happy,train
ML230,Slayer,Spirit in Black,angry,train
ML1830,David Bowie,Afraid,sad,train
ML1297,Jesus & Mary Chain,Blues from a Gun,angry,train
ML696,Tindersticks,Piano Song,sad,train
ML189,Lenny Kravitz,Will You Marry Me,happy,train
ML1444,Beyoncé,Listen,sad,train
ML664,Lamb of God,Redneck,angry,train
ML1722,Marilyn Manson,Man That You Fear,angry,train
ML469,Exploited,Exploited Barmy Army,angry,train
ML1146,"Lipps, Inc.",Funkytown,happy,train
ML467,Murderdolls,Dead in Hollywood,angry,train
ML1921,Ray Charles,What'd I Say,happy,train
ML1751,Hot Chip,In The Privacy Of Our Love,relaxed,train
ML175,O-Zone,Dragostea Din Tei,happy,train
ML341,Slayer,Sex. Murder. Art.,angry,train
ML1979,Robert Plant,Satan Your Kingdom Must Come Down,relaxed,train
ML372,Vanessa Carlton,Rinse,sad,train
ML665,The Haunted,99,angry,train
ML21,Geto Boys,Chuckie,angry,train
ML709,The Chemical Brothers,Left Right,angry,train
ML869,Bloodhound Gang,Kiss Me Where It Smells Funny,happy,train
ML1265,Demon Hunter,Deteriorate,sad,train
ML667,A Silver Mt. Zion,Microphones in the Trees,sad,train
ML1242,Ella Fitzgerald,In A Mellow Tone,relaxed,train
ML93,The Pipettes,Dirty Mind,happy,train
ML1166,Lonnie Donegan,My Old Man's A Dustman,happy,train
ML1372,Simon & Garfunkel,Patterns,relaxed,train
ML1172,Duran Duran,Hungry Like The Wolf,happy,train
ML1141,The Pussycat Dolls,Buttons,happy,train
ML808,Relient K,The Pirates Who Don't Do Anything,happy,train
ML710,Antimatter,Ghosts,sad,train
ML1636,Dan Le Sac vs Scroobius Pip,Look For The Woman,sad,train
ML1262,The Proclaimers,Letter From America,relaxed,train
ML373,New Radicals,I Don't Wanna Die Anymore,sad,train
ML1001,Alien Ant Farm,Glow,happy,train
ML136,Jaromír Nohavica,Ještě mi scházíš,sad,train
ML1287,Quiet Riot,Bang Your Head (Metal Health),angry,train
ML1098,Wu-Tang Clan,Wu-Tang Clan Ain't Nuthing Ta F' Wit,angry,train
ML762,Melanie C,Carolyna,sad,train
ML449,Kris Kross,Jump,happy,train
ML1542,The Smashing Pumpkins,Rotten Apples,sad,train
ML1362,Siouxsie and the Banshees,Regal Zone,angry,train
ML1653,Eagle-Eye Cherry,Permanent Tears,relaxed,train
ML386,Anita Baker,My Funny Valentine,relaxed,train
ML1364,Swallow The Sun,The Justice of Suffering,sad,train
ML955,Atlantic Starr,If Your Heart Isn't In It,relaxed,train
ML1290,Donald Fagen,H Gang,relaxed,train
ML433,Cascada,What Do You Want From Me?,happy,train
ML96,Atari Teenage Riot,Deutschland (Has Gotta Die!),angry,train
ML1975,Juanes,Me Enamora,happy,train
ML571,Kinks,You Really Got Me,angry,train
ML1433,Moya Brennan,Change My World,relaxed,train
ML1427,Cara Dillon,Blue Mountain River,relaxed,train
ML800,Fountains Of Wayne,Stacy's Mom,happy,train
ML1936,SWV,You're The One,happy,train
ML1629,My Dying Bride,Black God,sad,train
ML840,Edison Lighthouse,Love Grows (Where My Rosemary Goes),happy,train
ML1989,Cavalera Conspiracy,Inflikted,angry,train
ML1519,Black Sabbath,The Writ,angry,train
ML1591,Moxy Früvous,I Love My Boss,happy,train
ML1973,Nine Inch Nails,"No, You Don't",angry,train
ML1380,Jenny Owen Youngs,Keys Out Lights On,relaxed,train
ML714,XTC,This Is Pop?,angry,train
ML500,Madredeus,O Pomar Das Laranjeiras,sad,train
ML10,Blondie,Heart of Glass,happy,train
ML1862,Death From Above 1979,Going Steady,happy,train
ML1278,Morrissey,There's A Place In Hell For Me And My Friends,sad,train
ML1680,Supreme Beings of Leisure,What's the Deal,relaxed,train
ML324,Brad Paisley,When I Get Where I'm Going,sad,train
ML868,Bruce Springsteen,War,angry,train
ML968,Relient K,Must Have Done Something Right,happy,train
ML1236,Bob Rivers,Who Put the Stump?,happy,train
ML1163,Jason Mraz,Unfold (Eagles Ballroom Live Version),relaxed,train
ML766,James Taylor,That Lonesome Road,sad,train
ML1797,Abba,Take A Chance On Me,happy,train
ML523,Iron & Wine,Peace Beneath the City,relaxed,train
ML936,Joni Mitchell,The Last Time I Saw Richard,sad,train
ML29,Salt The Wound,Better Than This,angry,train
ML506,Fotos,Katharina,sad,train
ML1015,Nevermore,All Play Dead,angry,train
ML544,Nightwish,Angels Fall First,sad,train
ML68,Nachtmahr,Feuer Frei!,angry,train
ML1028,Gary Numan,In A Dark Place,sad,train
ML970,Air,Sing Sang Sung,relaxed,train
ML1752,Stephen Lynch,Vanilla Ice Cream,happy,train
ML1170,Alela Diane,The Rifle,relaxed,train
ML398,Ice Cube,Ghetto Vet,angry,train
ML1947,Bon Jovi,Bad Medicine,happy,train
ML1695,Katatonia,Brave,sad,train
ML1281,Rammstein,Wo bist du,sad,train
ML728,Chris Botti,The Look Of Love,relaxed,train
ML1996,A Day To Remember,If It Means a Lot to You,sad,train
ML1165,Bullet For My Valentine,Scream Aim Fire,angry,train
ML1870,iLiKETRAiNS,The accident,sad,train
ML636,The Dillinger Escape Plan,Milk Lizard,angry,train
ML320,Rage Against the Machine,Wake Up,angry,train
ML285,Clannad,Newgrange,relaxed,train
ML518,Atlantic Starr,Silver Shadow,relaxed,train
ML1340,Fabrizio De André,Preghiera In Gennaio,sad,train
ML735,Martina McBride,Valentine,relaxed,train
ML47,Tom Lehrer,We Will All Go Together When We Go,happy,train
ML1926,Natalie Merchant,San Andreas Fault (Remastered LP Version),sad,train
ML1337,Animal Collective,Who Could Win a Rabbit,happy,train
ML434,Res,Let Love,relaxed,train
ML1733,Seether,Fade Away,sad,train
ML1917,Opeth,Heir Apparent,angry,train
ML1012,Venetian Snares,Dad,sad,train
ML446,JAY-Z,I Just Wanna Love U (Give It 2 Me),happy,train
ML1180,The Puppini Sisters,We Have All The Time In The World,happy,train
ML1108,Wesley Willis,I Wupped Batman's Ass,happy,train
ML1282,Weezer,Good Life,angry,train
ML1991,Limp Bizkit,Eat You Alive,angry,train
ML1473,Clap Your Hands Say Yeah,Upon This Tidal Wave of Young Blood,happy,train
ML589,The Sex Pistols,I Wanna Be Me,angry,train
ML573,The Cure,The Promise,angry,train
ML987,Yoko Ono,Kiss Kiss Kiss,happy,train
ML1729,Cradle of Filth,Filthy Little Secret,angry,train
ML1316,Cursive,Art Is Hard,angry,train
ML1150,Baccara,"Yes Sir, I Can Boogie",happy,train
ML1649,Beck,Qué Onda Guero,happy,train
ML1321,Anthrax,C11 H17 N2 O2 S Na,angry,train
ML1036,Wilco,What Light,relaxed,train
ML1326,Alice Cooper,Halo of Flies,angry,train
ML214,Pink Turns Blue,Your Master Is Calling,sad,train
ML811,Moonspell,Awake,sad,train
ML1120,Eighteen Visions,The Sweetest Memory,sad,train
ML1848,James Yuill,This Sweet Love,relaxed,train
ML358,AC/DC,Highway to Hell,angry,train
ML69,Stacey Kent,Bali Ha'i,relaxed,train
ML1182,Darren Hayes,Unlovable,sad,train
ML1420,The Duke Spirit,Love Is An Unfamiliar Name,happy,train
ML1277,Sondre Lerche,Side Two,relaxed,train
ML675,Fatboy Slim,Wonderful Night,happy,train
ML1608,Jack Johnson,Posters,relaxed,train
ML99,Metallica,Metal Militia,angry,train
ML1684,Junior Boys,Caught in a Wave,relaxed,train
ML330,The Rolling Stones,Can You Hear The Music,sad,train
ML1441,Hanne Hukkelberg,Balloon,relaxed,train
ML1250,Simply Red,Ev'ry Time We Say Goodbye,sad,train
ML1195,Alejandro Sanz,No es lo mismo,happy,train
ML1216,Peter Tosh,Legalize It,relaxed,train
ML246,His Name Is Alive,Are We Still Married?,sad,train
ML450,Mark Dinning,Teen Angel,sad,train
ML935,Estatic Fear,Chapter I,sad,train
ML875,Mad Caddies,Rockupation,happy,train
ML1967,Groove Coverage,She,happy,train
ML333,Voxtrot,Sway,sad,train
ML1506,Dope,Pig Society,angry,train
ML289,The Cure,Want,sad,train
ML925,James Blunt,High (live in Ireland),relaxed,train
ML1948,Cocteau Twins,Squeeze-Wax,relaxed,train
ML984,Undertones,Get Over You,angry,train
ML1647,LL Cool J,Mama Said Knock You Out,angry,train
ML351,Hole,Letter To God,sad,train
ML364,Dixie Chicks,Without You,sad,train
ML1403,Queens Of The Stone Age,Six Shooter,angry,train
ML1916,Isis,The Other,sad,train
ML1260,Black Sabbath,War Pigs,angry,train
ML1412,Katatonia,Don't Tell A Soul,sad,train
ML1834,The Oppressed,Victims,angry,train
ML309,Rage Against the Machine,Vietnow,angry,train
ML1099,Friendly Fires,Lovesick,happy,train
ML1169,Balligomingo,Escape,relaxed,train
ML1151,Trading Yesterday,One Day,relaxed,train
ML1048,Shpongle,Once Upon the Sea of Blissful Awareness,relaxed,train
ML630,Cult of Luna,Waiting For You,sad,train
ML220,The Gathering,These Good People,sad,train
ML1627,Sia,Little Black Sandals,relaxed,train
ML708,Kanye West,Coldest Winter,sad,train
ML1769,Kings of Leon,McFearless,angry,train
ML1248,Godsmack,I Fucking Hate You,angry,train
ML176,Ozzy Osbourne,Suicide Solution,angry,train
ML1114,The Dillinger Escape Plan,We Are the Storm,angry,train
ML997,Black Flag,Nervous Breakdown,angry,train
ML183,Jimi Hendrix Experience,Fire,angry,train
ML355,Dusty Springfield,I Only Want To Be With You,happy,train
ML1791,Richard Hawley,For Your Lover Give Some Time,sad,train
ML1031,Maximilian Hecker,Kate Moss,sad,train
ML445,Three Dog Night,Joy To The World,happy,train
ML626,Fishbone,Lyin' Ass Bitch,happy,train
ML346,The Clash,London Calling,angry,train
ML587,Switchfoot,The Shadow Proves The Sunshine,relaxed,train
ML1841,Echo & the Bunnymen,Do It Clean,angry,train
ML912,Annie,Anniemal,happy,train
ML1688,Slayer,Public Display Of Dismemberment,angry,train
ML447,Colder,To The Music,happy,train
ML680,The Byrds,Hickory Wind,sad,train
ML1425,Pulp,Blue Glow,sad,train
ML1673,Peter & Gordon,Lady Godiva,happy,train
ML694,Blue Man Group,Time to Start,happy,train
ML880,Justin Timberlake,LoveStoned/I Think She Knows Interlude,happy,train
ML1620,All Time Low,The Beach,happy,train
ML240,The Stooges,Your Pretty Face Is Going to Hell,angry,train
ML1350,Bikini Kill,DemiRep,angry,train
ML1014,Devendra Banhart,Noah,relaxed,train
ML1458,Casiotone for the Painfully Alone,Don't They Have Payphones Wherever You Were Last Night,sad,train
ML610,Enya,China Roses,relaxed,train
ML1664,Lords of Acid,I Sit On Acid (Soulwax remix),happy,train
ML1482,Matt Dusk,Always,relaxed,train
ML1693,Buzzcocks,Ever Fallen in Love?,angry,train
ML1450,Marla Hansen,Shuffle Your Feet,relaxed,train
ML1978,Stephen Lynch,Little Tiny Moustache,happy,train
ML95,Steve Goodman,My Old Man,sad,train
ML1570,Wesley Willis,Oil Express,happy,train
ML510,Rammstein,Feuer und Wasser,sad,train
ML814,Switchfoot,Let Your Love Be Strong,sad,train
ML986,Limp Bizkit,The Propaganda,angry,train
ML1933,Pearl Jam,Animal,angry,train
ML473,Clawfinger,Nothing Going On,angry,train
ML1168,The Replacements,All Shook Down,relaxed,train
ML1039,Refused,The Deadly Rhythm,angry,train
ML1857,Hagalaz' Runedance,Serenade of The Last Wolf,sad,train
ML286,Franz Ferdinand,Jackie Jackson,happy,train
ML1986,Jane Monheit,Moon River,relaxed,train
ML746,Mastodon,Crystal Skull,angry,train
ML1446,Madredeus,O Paraíso,relaxed,train
ML1793,Moxy Früvous,Entropy,happy,train
ML1637,The Constructus Corporation,I'll See You Now Now,relaxed,train
ML168,Megadeth,Psychotron,angry,train
ML1301,Cansei de Ser Sexy,Move,happy,train
ML1243,Rage Against the Machine,Without a Face,angry,train
ML1597,Donald Fagen,Mary Shut The Garden Door,relaxed,train
ML598,Jibbs,Chain Hang Low,happy,train
ML1257,Killswitch Engage,Reckoning,angry,train
ML212,Marcy Playground,Punk Rock Superstar,happy,train
ML491,Stephen Lynch,Baby,happy,train
ML166,ElectroVamp,I Don't Like The Vibe In The VIP,happy,train
ML492,Beatallica,Hey Dude,happy,train
ML1289,Delerium,Fallen Icons,relaxed,train
ML88,Deborah Harry,End Of The Run,sad,train
ML1086,Ella Fitzgerald,Remember,relaxed,train
ML224,Ours,Dizzy,sad,train
ML570,Level 42,Something About You,happy,train
ML1218,Isis,So Did We,sad,train
ML668,Gossip,Eyes Open,angry,train
ML1931,Air,Photograph,relaxed,train
ML1955,"Harry Connick, Jr.",A Wink and a Smile,relaxed,train
ML1544,Jack Johnson,The Horizon Has Been Defeated,relaxed,train
ML1678,Katy Perry,I Kissed A Girl,happy,train
ML823,Marty Robbins,El Paso,relaxed,train
ML1785,Foo Fighters,Virginia Moon,relaxed,train
ML1369,Cure,Killing an Arab,angry,train
ML558,Kathy Mattea,Where've You Been,sad,train
ML1606,Bodyrox,Yeah Yeah,happy,train
ML1708,Guano Apes,You Can't Stop Me,angry,train
ML1719,The Stills,Everything I Build,sad,train
ML153,Conway Twitty,That's My Job,sad,train
ML1805,Rammstein,Ohne dich,sad,train
ML942,Lamb of God,Bloodletting,angry,train
ML612,Riverside,Loose Heart,sad,train
ML632,Megadeth,Captive Honour,angry,train
ML1899,G. Love,Missing My Baby,relaxed,train
ML165,Avenged Sevenfold,Nightmare,angry,train
ML1839,Jack Johnson,Situations,relaxed,train
ML996,The Chameleons,Monkeyland,sad,train
ML645,Röyksopp,Dead to the World,relaxed,train
ML412,White Zombie,Super-Charger Heaven,angry,train
ML427,Newsboys,Something Beautiful,happy,train
ML797,Essie Jain,Glory,relaxed,train
ML1383,Marilyn Manson,Born Again,angry,train
ML1812,Shawn Colvin,Wichita Skyline,relaxed,train
ML1140,Frank Sinatra,Don't Worry 'Bout Me,relaxed,train
ML974,Corinne Bailey Rae,Butterfly,relaxed,train
ML1055,Megadeth,The Killing Road,angry,train
ML1345,Keri Noble,Bartender,sad,train
ML1331,Valley of the Giants,Bala Bay Inn,relaxed,train
ML1154,Stevie Wonder,Ngiculela-Es Una Historia-I Am Singing,relaxed,train
ML1829,Carpark North,Fireworks,sad,train
ML1783,Dave Matthews Band,I Did It,relaxed,train
ML1200,Los Pericos,Pupilas Lejanas,relaxed,train
ML844,Everything But The Girl,Meet Me in the Morning,relaxed,train
ML1347,The Pierces,Turn on Billie,relaxed,train
ML213,Emilie Simon,Le Vieil Amant,relaxed,train
ML1775,Ice T,New Jack Hustler,angry,train
ML1962,Godsmack,Vampires,angry,train
ML1652,Babes In Toyland,Handsome and Gretel,angry,train
ML1778,Anberlin,Dismantle.Repair.,sad,train
ML22,David Sylvian,September,relaxed,train
ML294,Little River Band,It's A Long Way There,relaxed,train
ML1103,Oceansize,Savant,sad,train
ML726,Pinback,Some Voices,relaxed,train
ML49,Megadeth,The World Needs a Hero,angry,train
ML1070,Bruce Springsteen,Hungry Heart,happy,train
ML192,Miley Cyrus,7 Things,happy,train
ML437,Susie Suh,Shell,relaxed,train
ML1371,Bullet For My Valentine,The Poison,angry,train
ML360,Jump5,Beauty And The Beast,happy,train
ML1010,The Unicorns,Jellybones,happy,train
ML1776,Cult of Luna,And With Her Came The Birds,sad,train
ML787,The Rubettes,Sugar Baby Love,happy,train
ML215,IVY,Clear My Head,relaxed,train
ML1303,Flight of the Conchords,Inner City Pressure,happy,train
ML1557,Slipknot,Wait and Bleed,angry,train
ML1181,The Emotions,Flowers,relaxed,train
ML1235,Firefall,Strange Way,relaxed,train
ML339,Sally Shapiro,Anorak Christmas,relaxed,train
ML748,Koop,Waltz for Koop,relaxed,train
ML1806,The Little Willies,Lou Reed,happy,train
ML221,The Fratellis,Cuntry Boys & City Girls,happy,train
ML121,George Jones,He Stopped Loving Her Today,sad,train
ML1399,Sinéad O'Connor,I Do Not Want What I Haven't Got,relaxed,train
ML420,The Rocket Summer,Skies So Blue,happy,train
ML1749,As Cities Burn,Timothy,sad,train
ML915,Lizz Wright,Hey Mann,relaxed,train
ML1238,Take 6,More Than Ever,relaxed,train
ML254,Three Days Grace,Burn,angry,train
ML120,Xavier Rudd,Better People,relaxed,train
ML507,Ephraim Lewis,Drowning In Your Eyes,relaxed,train
ML424,The Unicorns,Let's Get Known,happy,train
ML327,Queen,My Baby Does Me,happy,train
ML1037,Squeeze,Hourglass,happy,train
ML983,Chubby Checker,Limbo Rock,happy,train
ML1355,Birthday Party,Dead Joe,angry,train
ML1447,Jonathan Coulton,You Ruined Everything,happy,train
ML846,Razorlight,Get It And Go,happy,train
ML798,Beyoncé,Baby Boy,happy,train
ML1892,The Kooks,One Last Time,sad,train
ML621,Timo Maas,Pictures,happy,train
ML599,Britney Spears,I Run Away,sad,train
ML601,Björk,Pluto,angry,train
ML1792,Jimmy Eat World,Disintegration,sad,train
ML768,The Kingsmen,Louie Louie,happy,train
ML1789,Architecture in Helsinki,Red Turned White,happy,train
ML1618,Delta Goodrem,Throw It Away,relaxed,train
ML988,Fractured,One More Time,sad,train
ML1155,Matt Wertz,Lonely Tonight,relaxed,train
ML98,Longing for Dawn,Lethal,sad,train
ML201,Blue Öyster Cult,Nosferatu,angry,train
ML730,Dead Kennedys,Holiday in Cambodia,angry,train
ML400,Secret Garden,Sleepsong,relaxed,train
ML481,Violent Femmes,Kiss Off,angry,train
ML1275,HIM,Heartache Every Moment,sad,train
ML1040,Slayer,Can't Stand You,angry,train
ML1266,Jennifer Lopez,Jenny From the Block,happy,train
ML1925,Antimatter,Fighting for a Lost Cause,sad,train
ML543,Jimmy Eat World,Dizzy,sad,train
ML1886,Ludacris,Blow It Out,angry,train
ML1685,Lil' Kim,How Many Licks ,happy,train
ML14,Van Morrison,And It Stoned Me,relaxed,train
ML1575,Antimatter,God Is Coming,sad,train
ML961,Mr. Hyde,Spill Your Blood,angry,train
ML1319,Athlete,Flying Over Bus Stops,relaxed,train
ML923,Chairlift,Ceiling Wax,relaxed,train
ML1382,Ella Fitzgerald,I Get A Kick Out Of You,relaxed,train
ML219,Queens Of The Stone Age,Everybody Knows That You Are Insane,angry,train
ML1861,Slayer,Consfearacy,angry,train
ML1006,Gorillaz,Superfast Jellyfish,happy,train
ML1588,Today Is The Day,Temple of the Morning Star,sad,train
ML233,Lamb of God,As the Palaces Burn,angry,train
ML931,Camera Obscura,Your Picture,sad,train
ML1533,Baccara,"Sorry, I'm A Lady",happy,train
ML962,M83,Carresses,relaxed,train
ML255,Public Enemy,Bring the Noise,angry,train
ML470,Midge Ure,Somebody,sad,train
ML1065,Slayer,Beauty Through Order,angry,train
ML42,Bruce Springsteen,Atlantic City,sad,train
ML105,Diana Krall,You're My Thrill,relaxed,train
ML530,Ghostface Killah,Mighty Healthy,angry,train
ML1386,50 Cent,Ski Mask Way,angry,train
ML749,Enigma,Total Eclipse of the Moon,relaxed,train
ML1199,Joshua Radin,"No Envy, No Fear",relaxed,train
ML493,Ministry,Palestina,angry,train
ML1737,My Bloody Valentine,No More Sorry,sad,train
ML1941,Until June,The Saddest Song,sad,train
ML1418,The Magnetic Fields,The Luckiest Guy On The Lower East Side,happy,train
ML640,Tim Buckley,The Earth is Broken,sad,train
ML865,Slayer,Fight Till Death,angry,train
ML401,Billy Talent,Prisoners of Today,angry,train
ML1980,Chris Garneau,Saturday,sad,train
ML1865,Procol Harum,All This and More,sad,train
ML1307,Hüsker Dü,Hardly Getting Over It,sad,train
ML389,Enya,Less Than a Pearl,relaxed,train
ML860,Nine Inch Nails,Gave Up,angry,train
ML1116,Lunatica,Out!,angry,train
ML1640,Evergreen Terrace,Mad World,angry,train
ML755,Death From Above 1979,Pull Out,happy,train
ML1208,Steely Dan,Only A Fool Would Say That,relaxed,train
ML1344,Laurie Anderson,Speak My Language,sad,train
ML1452,Janis Joplin,Get It While You Can,relaxed,train
ML741,No Doubt,Spiderwebs,happy,train
ML1317,The String Cheese Incident,Sometimes a River,relaxed,train
ML388,Eric Church,Lightning,sad,train
ML498,Secret Garden,Sigma,relaxed,train
ML695,Amon Amarth,Ride For Vengeance,angry,train
ML729,Mortal Love,In the Sun,sad,train
ML1727,Frightened Rabbit,My Backwards Walk,sad,train
ML250,Kaiser Chiefs,Thank You Very Much,happy,train
ML1304,Air,The Vagabond,relaxed,train
ML411,Kool & The Gang,Celebration,happy,train
ML540,Cathedral,Ebony Tears,sad,train
ML122,Café Tacuba,Las Flores,happy,train
ML426,Caesars,It's Not The Fall That Hurts,happy,train
ML1373,Martina Topley-Bird,Ragga,happy,train
ML734,Daft Punk,Technologic,happy,train
ML504,Martin Page,In The House Of Stone And Light,relaxed,train
ML990,BrokeNCYDE,Sex Toyz,happy,train
ML1306,Limp Bizkit,The Story,angry,train
ML699,The Prodigy,Voodoo People,angry,train
ML1122,Seether,Fake It,angry,train
ML1376,Maanam,Wyjątkowo zimny maj,sad,train
ML474,Blue Six,Sweeter Love,relaxed,train
ML1416,The Doors,Celebration of the Lizard,angry,train
ML763,Madredeus,O Sonho,relaxed,train
ML1786,Moloko,Party Weirdo,happy,train
ML67,System of a Down,War?,angry,train
ML927,Skip James,Hard Time Killin' Floor Blues,sad,train
ML408,Bloodhound Gang,Foxtrot Uniform Charlie Kilo,happy,train
ML1283,Mark Hollis,The Colour Of Spring,sad,train
ML252,Meshuggah,Future Breed Machine,angry,train
ML1574,Incubus,Megalomaniac,angry,train
ML482,Bernard Fanning,Shelter For My Soul,sad,train
ML1407,Noisettes,The Count Of Monte Christo,happy,train
ML1377,Good Shoes,The Photos On My Wall,happy,train
ML1431,Juanes,La Camisa Negra,happy,train
ML1819,Black Eyed Peas,Anxiety,angry,train
ML4,Bing Crosby,Swinging On A Star,happy,train
ML228,Megadeth,FFF,angry,train
ML1904,stellastarr*,Sweet Troubled Soul,happy,train
ML1742,Mamonas Assassinas,Vira-Vira,happy,train
ML378,Johnossi,Man Must Dance,happy,train
ML1599,Cars Can Be Blue,Dirty Song,happy,train
ML1873,Rachel Stevens,Fools,happy,train
ML1221,Nicki French,Total Eclipse Of The Heart,happy,train
ML1741,Megadeth,Foreclosure of a Dream,angry,train
ML454,The Acacia Strain,Demolishor,angry,train
ML1672,Robert Palmer,Every Kinda People,relaxed,train
ML759,Keb' Mo',Just Like You,relaxed,train
ML1885,Spike Jones & His City Slickers,Cocktails For Two,happy,train
ML1063,Marvin Gaye,What's Happening Brother,relaxed,train
ML837,India.Arie,These Eyes,relaxed,train
ML1723,Alice Cooper,Wake the Dead,angry,train
ML1828,Cake,Wheels,happy,train
ML1094,Susanna and the Magical Orchestra,Jolene,relaxed,train
ML647,Ashley Tisdale,He Said She Said,happy,train
ML18,Avenged Sevenfold,Coming Home,angry,train
ML1438,Steely Dan,Your Gold Teeth II,relaxed,train
ML1023,Beck,Rental Car,happy,train
ML505,LCD Soundsystem,On Repeat,happy,train
ML1329,Black Flag,Room 13,angry,train
ML859,Slayer,Altar of Sacrifice,angry,train
ML810,John Mayer,New Deep,relaxed,train
ML79,Judas Priest,Bullet Train,angry,train
ML870,The Intruders,Together,relaxed,train
ML232,Belle and Sebastian,Roy Walker,happy,train
ML1164,Dark Sanctuary,La chute de l'ange,sad,train
ML1064,Martina McBride,Wrong Again,sad,train
ML1253,Jill Scott,Show Me,relaxed,train
ML45,Polly Scattergood,I Hate The Way,sad,train
ML809,Daughtry,Call Your Name,sad,train
ML980,Nas,One Mic,angry,train
ML197,Wire,I Am the Fly,angry,train
ML1152,Judas Priest,Breaking the Law,angry,train
ML1026,Bonnie Somerville,Winding Road,relaxed,train
ML704,The Honeydrips,(Lack of) Love Will Tear Us Apart,relaxed,train
ML70,Taylor Swift,You Belong With Me,happy,train
ML683,Snow Patrol,Crazy In Love,happy,train
ML1944,David Jordan,Sun Goes Down,happy,train
ML873,Diana Krall,Little Girl Blue,relaxed,train
ML159,Stabbing Westward,Drowning,sad,train
ML1222,Ben Folds Five,For Those Of Ya'll Who Wear Fannie Packs,happy,train
ML594,Stars,What the Snowman Learned About Love,relaxed,train
ML1240,Abra Moore,On the Way,relaxed,train
ML200,Sopor Aeternus & The Ensemble Of Shadows,Bitter Sweet,sad,train
ML1029,Mariee Sioux,Wild Eyes,relaxed,train
ML585,Ozzy Osbourne,War Pigs,angry,train
ML1470,Rihanna,SOS,happy,train
ML1323,Children of Bodom,Downfall,angry,train
ML311,The New Pornographers,All For Swinging You Around,happy,train
ML1702,Rickie Lee Jones,Easy Money,relaxed,train
ML147,Sade,Cherish The Day,relaxed,train
ML982,Franz Ferdinand,Michael,happy,train
ML575,Kate Havnevik,Not Fair,relaxed,train
ML1514,Old Crow Medicine Show,Down Home Girl,happy,train
ML1330,M. Ward,For Beginners,relaxed,train
ML1530,DMX,What's My Name?,angry,train
ML948,Nile,Sacrifice Unto Sebek,angry,train
ML1499,Cat Power,Cross Bones Style,angry,train
ML706,Jill Tracy,Haunted By the Thought of You,sad,train
ML765,Sting,Children's Crusade,sad,train
ML1768,LeAnn Rimes,Big Deal,angry,train
ML335,COLD,Rain Song,sad,train
ML790,Gotan Project,Queremos paz,relaxed,train
ML1291,The Stooges,1970 (Take 3),angry,train
ML1712,The J. Geils Band,Centerfold,happy,train
ML731,Acceptance,In Too Far,relaxed,train
ML241,Eagle-Eye Cherry,Worried Eyes,relaxed,train
ML1324,N.W.A,Fuck tha Police,angry,train
ML1395,Ben Lee,Whatever It Is,relaxed,train
ML521,Blonde Redhead,For the Damaged,angry,train
ML712,Metallica,"Broken, Beat & Scarred",angry,train
ML1091,Flobots,Handlebars,angry,train
ML1583,Dashboard Confessional,The Shade Of Poison Trees,sad,train
ML180,Jack Johnson,Hope,relaxed,train
ML678,Black Kids,Listen To Your Body Tonight,happy,train
ML423,My Dying Bride,Gather Me Up Forever,sad,train
ML815,Depeche Mode,Sister Of Night,sad,train
ML1320,Duke Ellington,Satin Doll,relaxed,train
ML669,Emigrate,In My Tears,sad,train
ML1864,The Germs,Sex Boy (Live),angry,train
ML425,Coverdale/Page,Take Me For A Little While,sad,train
ML1073,Nerf Herder,Jenna Bush Army,happy,train
ML720,Smokie,Living Next Door To Alice ,relaxed,train
ML340,Busted,Fun Fun Fun,happy,train
ML1231,Nine Inch Nails,Burn,angry,train
ML1008,Enigma,The Cross of Changes,relaxed,train
ML1643,Ulrich Schnauss,On My Own,relaxed,train
ML1644,The Mars Volta,Tetragrammaton,angry,train
ML1868,"""Weird Al"" Yankovic",Trigger Happy,happy,train
ML1459,of Montreal,Your Magic Is Working,happy,train
ML259,Monkey,Sandy the River Demon,relaxed,train
ML134,New Order,Crystal,happy,train
ML1858,Dead Kennedys,One-Way Ticket to Pluto,angry,train
ML551,The Avett Brothers,If It's The Beaches,sad,train
ML893,Flyleaf,Red Sam,angry,train
ML119,Maggie Reilly,All My Heart Can Hold,sad,train
ML1508,Woven Hand,Story and Pictures,sad,train
ML1173,Morrissey,Let Me Kiss You,sad,train
ML1363,DMX,Ready To Meet Him,sad,train
ML1351,Bronco,Que Te Han Visto Llorar,sad,train
ML1877,Silbermond,Symphonie,sad,train
ML1239,Nappy Roots,Good Day,happy,train
ML1658,Tenacious D,Papagenu (He's My Sassafrass),happy,train
ML75,Grand Archives,Torn Blue Foam Couch,relaxed,train
ML825,Amber Pacific,If I Fall,sad,train
ML1484,Muse,Hyper Music,angry,train
ML1268,Rollins Band,Hotter And Hotter,angry,train
ML1213,Korn,Dead Bodies Everywhere,angry,train
ML906,The Rolling Stones,Citadel,angry,train
ML1935,Lloyd Banks,Father Time,angry,train
ML125,Billie Holiday,Lady Sings The Blues,sad,train
ML448,Eagles of Death Metal,English Girl,happy,train
ML1516,Al Martino,VOLARE,happy,train
ML519,Rare Earth,I Just Want To Celebrate,happy,train
ML1677,Hungry Lucy,To Kill a King,relaxed,train
ML826,Sally Shapiro,Time To Let Go,sad,train
ML508,As I Lay Dying,Losing Sight,angry,train
ML1710,Feelies,Fa Cé-La,angry,train
ML1408,Jamie O'Neal,All By Myself,sad,train
ML1517,Pat Boone,Speedy Gonzales,happy,train
ML1422,October Tide,Losing Tomorrow,sad,train
ML967,The Velvet Underground,Heroin,sad,train
ML1087,The Stooges,Search and Destroy,angry,train
ML1286,Beyoncé,Crazy In Love,happy,train
ML971,Moya Brennan,River,relaxed,train
ML882,Cradle of Filth,Lovesick for Mina,angry,train
ML959,Clannad,A Bridge (That Carries Us Over),relaxed,train
ML1451,Sophie Zelmani,Fire,sad,train
ML1968,Beatallica,Sgt. Hetfield's Motorbreath Pub Band,happy,train
ML1119,Selig,Ohne dich,sad,train
ML2000,Cooler Kids,All Around The World (Punk Debutante),happy,train
ML554,Ice Cube,The Predator,angry,train
ML705,Kristin Hersh,Gazebo Tree,sad,train
ML1043,Blink-182,Man Overboard,happy,train
ML1401,Celtic Woman,Beyond The Sea,relaxed,train
ML1061,The Beatles,Octopus's Garden,happy,train
ML1367,Tenacious D,Kyle Quit The Band,happy,train
ML1550,Morphine,Murder For The Money,sad,train
ML1305,Reel Big Fish,Your Guts (I Hate 'Em),angry,train
ML19,Avril Lavigne,How Does It Feel,sad,train
ML555,In Flames,Evil in a Closet,sad,train
ML1523,Girls Aloud,Whole Lotta History,sad,train
ML1107,Hayley Westenra,Let Me Lie,relaxed,train
ML835,Paradise Lost,Say Just Words,sad,train
ML163,Cassandra Wilson,If Loving You Is Wrong,relaxed,train
ML583,Donavon Frankenreiter,Butterfly,relaxed,train
ML1255,Pixies,Something Against You,angry,train
ML1479,Whiskeytown,Easy Hearts,relaxed,train
ML402,Sting,Brand New Day,happy,train
ML1657,Tracey Thorn,Nowhere Near,sad,train
ML1398,Jill Scott,Whenever You're Around,relaxed,train
ML1628,Renee Olstead,Taking A Chance On Love,relaxed,train
ML24,Lily Holbrook,Better Left Unsaid,sad,train
ML1245,Tristania,Deadlands,sad,train
ML1568,My Morning Jacket,Xmas Curtain,relaxed,train
ML158,Babyshambles,Killamangiro,happy,train
ML1966,Animal Collective,Water Curses,happy,train
ML590,Chubby Checker,The Twist,happy,train
ML579,The Polyphonic Spree,Middle of the Day,sad,train
ML1564,PJ Harvey,Snake,angry,train
ML142,Charlotte Church,Show A Little Faith,relaxed,train
ML76,Ania,Turu Tu Tu...,sad,train
ML603,Anthony Hamilton,I Tried,relaxed,train
ML1818,El-P,Stepfather Factory,sad,train
ML1270,VIRGIN BLACK,Velvet Tongue,sad,train
ML721,Mastodon,Blood and Thunder,angry,train
ML1642,The Cat Empire,The Rhythm,happy,train
ML911,New London Fire,Nadine,sad,train
ML231,theaudience,Keep In Touch,relaxed,train
ML957,Azam Ali,In Other Worlds,sad,train
ML1943,Edward Sharpe & the Magnetic Zeros,40 Day Dream,happy,train
ML1518,Inner City,Big Fun,happy,train
ML655,Eminem,Mosh,angry,train
ML916,Fiona Apple,Limp,angry,train
ML572,Britney Spears,Oops!...I Did It Again,happy,train
ML1113,Jessica Simpson,Sweetest Sin,happy,train
ML900,Scott Walker,If You Go Away,sad,train
ML1826,Mastodon,I Am Ahab,angry,train
ML1545,The Smiths,This Night Has Opened My Eyes,sad,train
ML1024,Cradle of Filth,Tonight in Flames,angry,train
ML963,Arctic Monkeys,Fake Tales of San Francisco,happy,train
ML1083,Inner Circle,Sweat ,happy,train
ML616,Opeth,White Cluster,sad,train
ML1554,50 Cent,In Da Club,happy,train
ML1080,Bruce Springsteen,State Trooper,sad,train
ML638,Vanessa Hudgens,Sneakernight,happy,train
ML1566,The Band,The Night They Drove Old Dixie Down (alternate mix),sad,train
ML1633,The Modern Lovers,Hospital,sad,train
ML1478,Pere Ubu,Modern Dance,angry,train
ML541,J. Tillman,"Cecille, My Love",relaxed,train
ML1814,The Presidents of the United States of America,Lump,happy,train
ML1581,My Dying Bride,Into the Lake of Ghosts,sad,train
ML1679,Tom Waits,Cold Cold Ground,sad,train
ML108,Darren Hayes,A Conversation With God,sad,train
ML615,Opeth,Bleak,sad,train
ML1205,Kenny Chesney,She Thinks My Tractor's Sexy,happy,train
ML1887,Garou,Gitan,happy,train
ML1153,Godsmack,Straight Out of Line,angry,train
ML1005,Great Lake Swimmers,I Will Never See the Sun,relaxed,train
ML265,Destroyer,Painter in Your Pocket,relaxed,train
ML557,Riverside,I Turned You Down,sad,train
ML1384,Isis,In Fiction,sad,train
ML1191,Celtic Woman,The Prayer,relaxed,train
ML30,Iron Maiden,Aces High,angry,train
ML1104,Machine Head,American High,angry,train
ML509,Suzi Quatro,Devil Gate Drive,happy,train
ML979,Maggie Reilly,Reunion,relaxed,train
ML1990,Boyzone,Gave It All Away,sad,train
ML943,Megadeth,Good Mourning/Black Friday,angry,train
ML384,Sparks,Slowboat,sad,train
ML1691,Toby Keith,Who's Your Daddy?,happy,train
ML441,Eppu Normaali,Tahroja paperilla,sad,train
ML1394,Cat Power,The Coat Is Always On,sad,train
ML863,Rage Against the Machine,Revolver,angry,train
ML618,Shop Boyz,Flexin',happy,train
ML110,Bloodhound Gang,The Bad Touch,happy,train
ML356,Enigma,Mea Culpa,relaxed,train
ML802,Public Enemy,Welcome to the Terrordome,angry,train
ML284,Jill Cunniff,Lazy Girls,happy,train
ML218,Mud,Lonely This Christmas,sad,train
ML1,George Michael,I Want Your Sex,happy,train
ML1738,Rammstein,Mutter,sad,train
ML586,Beach House,Childhood,relaxed,train
ML852,Wolfmother,Vagabond,happy,train
ML910,Bebel Gilberto,So Nice (Summer Samba),relaxed,train
ML1520,Groove Armada,But I Feel Good,happy,train
ML1487,Slightly Stoopid,Wiseman,relaxed,train
ML848,Goldfish,Times May Change You,relaxed,train
ML1256,Devo,Whip It,happy,train
ML1174,Art Brut,My Little Brother,happy,train
ML781,Ozzy Osbourne,Running Out of Time,angry,train
ML597,Velvet Revolver,Illegal i Song,angry,train
ML363,U2,Elvis Presley and America,sad,train
ML1811,Aly & AJ,Like Whoa,happy,train
ML926,Lucinda Williams,Broken Butterflies,sad,train
ML129,The Adicts,Chinese Takeaway,happy,train
ML1846,Zebda,Tomber La Chemise,happy,train
ML617,Manic Street Preachers,Of Walking Abortion,angry,train
ML1903,3 Doors Down,Be Somebody,sad,train
ML26,Egotrippi,Matkustaja,sad,train
ML83,Riverside,Before,sad,train
ML827,Slayer,Supremist,angry,train
ML1017,Rihanna,Let Me,happy,train
ML1977,Acid Bath,Dope Fiend,angry,train
ML913,Animal Collective,Loch Raven,relaxed,train
ML86,Symphony X,The Divine Wings Of Tragedy,sad,train
ML1528,Miley Cyrus,Breakout,happy,train
ML1370,Laura Fygi,Dream A Little Dream,relaxed,train
ML1555,Trevor Hall,Other Ways,relaxed,train
ML394,Tanya Donelly,Keeping You,relaxed,train
ML1421,Au Revoir Simone,I Couldn't Sleep,relaxed,train
ML1052,Emma Shapplin,Favola Breve,relaxed,train
ML101,Talking Heads,Psycho Killer,angry,train
ML774,Grant Lee Buffalo,Rock of Ages,sad,train
ML1186,Converge,Drop Out,angry,train
ML872,Girls Aloud,Jump,happy,train
ML1687,Donavon Frankenreiter,On My Mind,relaxed,train
ML1625,Vangelis,Tales of the Future,relaxed,train
ML1385,Sophie Zelmani,I'd Be Broken,relaxed,train
ML995,Lifehouse,The Beginning,relaxed,train
ML934,Antony and the Johnsons,The Lake,sad,train
ML977,Nina Simone,My Man's Gone Now,sad,train
ML700,Frida,Baby Don't You Cry No More,relaxed,train
ML1047,Venom,Black Metal,angry,train
ML1034,Manchester Orchestra,Shake It Out,angry,train
ML643,Erykah Badu,Window Seat,relaxed,train
ML682,Slayer,Praise of Death,angry,train
ML332,Alien Sex Fiend,Dead and Buried,angry,train
ML1876,Maximilian Hecker,My Friends,sad,train
ML1335,Neil Young,I've Loved Her So Long,sad,train
ML115,The Rolling Stones,Coming Down Again,sad,train
ML783,Blonde Redhead,Girl Boy,relaxed,train
ML1437,Shakedown,At Night,happy,train
ML885,Sneaker Pimps,How Do,relaxed,train
ML193,Juana Molina,Vaca que cambia de querencia,relaxed,train
ML1483,Remy Shand,Burning Bridges,relaxed,train
ML274,Cinema Bizarre,Lovesongs (They Kill Me),sad,train
ML854,Thea Gilmore,Whistle And Steam,relaxed,train
ML1767,Sentenced,Nepenthe,sad,train
ML1756,Sentenced,Aika Multaa Muistot (everything Is Nothing),sad,train
ML305,Heather Nova,Heart And Shoulder,relaxed,train
ML965,Megadeth,Sin,angry,train
ML1761,Slayer,Live Undead,angry,train
ML1810,Chris Garneau,Black & Blue,sad,train
ML1704,Rage Against the Machine,Bullet In The Head,angry,train
ML1762,Eliane Elias,Chega De Saudade,relaxed,train
ML57,Girls In Hawaii,Bees & butterflies,relaxed,train
ML1500,Slayer,Darkness of Christ,angry,train
ML767,50 Cent,U Not Like Me,angry,train
ML1985,Lenny Kravitz,If You Can't Say No,relaxed,train
ML600,Grand Archives,Swan Matches,relaxed,train
ML1142,Jay Brannan,Half-Boyfriend,sad,train
ML1016,Big Star,Holocaust,sad,train
ML561,The Doobie Brothers,It Keeps You Runnin',relaxed,train
ML1661,Jorge Ben,Que Maravilha,relaxed,train
ML443,Juana Molina,Son,relaxed,train
ML1872,Adam Ant,Apollo 9,happy,train
ML87,Nirvana,Scentless Apprentice,angry,train
ML1471,The Isley Brothers,Hello It's Me,relaxed,train
ML56,Dr. Dog,The Breeze,relaxed,train
ML1798,Rammstein,Eifersucht,angry,train
ML624,Franz Ferdinand,What You Waiting For?,happy,train
ML1590,Beck,Modern Guilt,relaxed,train
ML819,At The Drive-In,Alpha Centauri,angry,train
ML824,Rihanna,Stupid In Love,sad,train
ML1889,Leona Naess,Lazy Days,relaxed,train
ML1845,John O'Callaghan,Never Fade Away,relaxed,train
ML895,N-Trance,Set You Free,happy,train
ML796,Beastie Boys,The Sounds Of Science,happy,train
ML1563,Megadeth,Black Curtains,angry,train
ML211,Sandy Denny,Bushes And Briars,sad,train
ML548,Beatallica,Everybody's Got A Ticket To Ride Except For Me And My Lightning,happy,train
ML994,Pescado Rabioso,Dulce 3 Nocturno,relaxed,train
ML836,System of a Down,Soldier Side,angry,train
ML1754,Tenpole Tudor,Wunderbar,happy,train
ML937,The Presets,This Boy's In Love,happy,train
ML1138,Kim Carnes,Bette Davis Eyes (Acoustic Version),relaxed,train
ML1512,Flowing Tears,Portsall (Departure Song),sad,train
ML1683,Megadeth,Prince of Darkness,angry,train
ML1121,Queen,Mother Love,sad,train
ML1423,Alesana,Apology,sad,train
ML361,Espers,Flowery Noontide,relaxed,train
ML297,Electric Light Orchestra,Midnight Blue,relaxed,train
ML1156,Oasis,I'm Outta Time,sad,train
ML719,Laura Marling,Shine,sad,train
ML1840,The Allman Brothers Band,Stormy Monday,relaxed,train
ML989,The Cure,Out of Mind,angry,train
ML1813,Eurythmics,I Need You,sad,train
ML238,Cream,We're Going Wrong,sad,train
ML1716,Oceansize,Only Twin,sad,train
ML1869,Rivulets,Barreling Towards Nowhere Like There's No Tomorrow,sad,train
ML1077,The Ditty Bops,Waking Up In the City,happy,train
ML1076,Germs,Forming,angry,train
ML657,Nine Inch Nails,My Violent Heart,angry,train
ML59,Foals,Big Big Love (Fig. 2),relaxed,train
ML1100,Burzum,Jesus' Tod,angry,train
ML316,Keri Noble,A Dream About You,relaxed,train
ML648,Dolly Parton,9 To 5,happy,train
ML288,Richard Marx,Should've Known Better,sad,train
ML1601,Cajun Dance Party,Amylase,happy,train
ML1807,Rage Against the Machine,New Millennium Homes,angry,train
ML5,Ludacris,Get Back,angry,train
ML740,Silverchair,Lie To Me,angry,train
ML1211,The Rakes,We Are All Animals,happy,train
ML1732,At the Gates,Suicide Nation,angry,train
ML31,Norah Jones,The Prettiest Thing,relaxed,train
ML278,Sly & The Family Stone,Thank You (Falettinme Be Mice Elf Agin),happy,train
ML353,Enya,Flora's Secret,relaxed,train
ML1285,Jon & Vangelis,I Hear You Now,relaxed,train
ML1938,Nicole Atkins,Together We're Both Alone,relaxed,train
ML421,Pulp,The Fear,sad,train
ML1698,Leonard Cohen,The Old Revolution,sad,train
ML1315,Hatebreed,A Call For Blood,angry,train
ML1730,Bruce Springsteen,Born in the USA,angry,train
ML1689,Slayer,Mandatory Suicide,angry,train
ML17,Collie Buddz,Mamacita,happy,train
ML337,Nick Cave and the Bad Seeds,Still in Love,sad,train
ML1062,Adele,Melt My Heart To Stone,relaxed,train
ML179,Megadeth,Dread and the Fugitive Mind,angry,train
ML1234,Enya,A Moment Lost,relaxed,train
ML1952,Rufus Wainwright,This Love Affair,sad,train
ML1897,Tone-Lōc,Wild Thing,happy,train
ML1656,The Format,On Your Porch (acoustic),sad,train
ML1414,The Cure,Why Can't I Be You?,happy,train
ML743,The Five Blobs,The Blob,happy,train
ML160,City and Colour,Save Your Scissors,relaxed,train
ML681,Megadeth,Elysian Fields,angry,train
ML417,The Corrs,Baby Be Brave (album version),relaxed,train
ML1692,M.I.A.,Jimmy,happy,train
ML1322,Rick Braun,Walk On The Wild Side,relaxed,train
ML773,Huey Lewis & The News,I Want a New Drug,happy,train
ML3,Katatonia,12,sad,train
ML877,Wu-Tang Clan,Da Mystery of Chessboxin',angry,train
ML847,Shakira,Rabiosa,happy,train
ML725,Dolly Parton,Here You Come Again,happy,train
ML702,Thrice,Under A Killing Moon,angry,train
ML1442,Sex Pistols,No Fun,angry,train
ML1456,Blur,1992,sad,train
ML1645,El Perro del Mar,This Loneliness,sad,train
ML972,Kane,Where Do I Go Now,sad,train
ML881,Psapp,Needle and Thread,relaxed,train
ML1721,Syd Barrett,Terrapin,relaxed,train
ML1860,Gil Scott-Heron,Whitey On The Moon,angry,train
ML886,Jimmy Eat World,Pain,angry,train
ML1779,Lisa Stansfield,Change,happy,train
ML66,ZZ Top,Gimme All Your Lovin',happy,train
ML1179,Theatre of Tragedy,Bacchante,sad,train
ML1258,The Waterboys,Red Army Blues,sad,train
ML1019,Richard Ashcroft,On A Beach,relaxed,train
ML1093,Samuel E. Wright,Under The Sea,happy,train
ML55,Emiliana Torrini,Jungle Drums,happy,train
ML1096,iLiKETRAiNS,Terra Nova,sad,train
ML1013,Bright Eyes,"Oh, You Are the Roots That Sleep Beneath My Feet and Hold the Earth in Place",relaxed,train
ML1405,Concrete Blonde,Everybody Knows,sad,test
ML264,Katatonia,Day,sad,test
ML1922,Above & Beyond,Home,relaxed,test
ML91,The Ataris,The Boys Of Summer,happy,test
ML625,Ke$ha,Kiss N Tell,happy,test
ML196,Jamie Cullum,Singin' In The Rain,relaxed,test
ML1184,Magnolia Electric Co.,Hard to Love a Man,sad,test
ML1983,PJ Harvey,Man-Size,angry,test
ML496,The Cat Empire,Sly,happy,test
ML61,Imogen Heap,Little Bird,relaxed,test
ML1132,Arab Strap,New Birds,sad,test
ML191,My Dying Bride,The Cry of Mankind,sad,test
ML537,Robin Williams,Friend Like Me,happy,test
ML462,Jim Brickman,Angel Eyes,relaxed,test
ML1696,Gordon Lightfoot,Carefree Highway,relaxed,test
ML733,Nine Inch Nails,I Do Not Want This,angry,test
ML242,Bic Runga,It's Over,sad,test
ML1820,Interpol,Rest My Chemistry,sad,test
ML1148,Nevermore,I Am The Dog,angry,test
ML1209,IVY,I Think Of You,relaxed,test
ML1314,Yeah Yeah Yeahs,Black Tongue,happy,test
ML1965,Cradle of Filth,The Foetus of a New Day Kicking,angry,test
ML1136,Jack Johnson,Fortunate Fool,relaxed,test
ML1139,The Innocence Mission,Small Planes,sad,test
ML1782,The Dead Weather,Will There Be Enough Water?,sad,test
ML933,Aberfeldy,Love Is an Arrow,sad,test
ML662,Pete Philly & Perquisite,Mystery Repeats,happy,test
ML307,Cake,"Mahna, Mahna",happy,test
ML338,Jennifer Lopez,Papi,happy,test
ML516,Mystery Jets,Half In Love With Elizabeth,happy,test
ML609,Gorillaz,Demon Days,relaxed,test
ML1057,The Fall,War,angry,test
ML1232,Ziggy Marley,Melancholy Mood,relaxed,test
ML747,Mudvayne,IMN,angry,test
ML185,Burial,Distant Lights,sad,test
ML260,Ray Parker Jr.,Ghostbusters,happy,test
ML1827,Louis Armstrong,That Lucky Old Sun ,relaxed,test
ML1455,Kool Keith,Tess Shit,angry,test
ML1808,Katatonia,The Longest Year,sad,test
ML1671,Mercury Rev,Holes,relaxed,test
ML1959,Dana Glover,Thinking Over,relaxed,test
ML1003,Halou,Political,relaxed,test
ML466,The Romantics,When I Look In Your Eyes,happy,test
ML1801,Leonard Cohen,Winter Lady,sad,test
ML1254,Zeromancer,Doctor Online,angry,test
ML124,Pearl Jam,Crazy Mary,sad,test
ML1280,Aerosmith,Dude (Looks Like A Lady),happy,test
ML634,The-Dream,Right Side Of My Brain,sad,test
ML1349,Miles Davis,Summertime,relaxed,test
ML1835,Blur,Sunday Sunday,happy,test
ML1674,The Notorious B.I.G.,Ready to Die,angry,test
ML1429,Interpol,The Scale,sad,test
ML1562,All Time Low,Poppin' Champagne,happy,test
ML1448,Badly Drawn Boy,This Song,relaxed,test
ML792,Cocteau Twins,Wolf in the Breast,relaxed,test
ML1481,Anathema,Fragile Dreams,sad,test
ML595,The Anti-Nowhere League,So What,angry,test
ML1705,Foo Fighters,The Pretender,angry,test
ML27,The Whitest Boy Alive,Don't Give Up,relaxed,test
ML921,Jimmy Durante,I'M The Guy Who Found The Lost Chord,happy,test
ML34,Mastodon,Megalodon,angry,test
ML494,Marilyn Monroe,You'd Be Surprised,happy,test
ML1226,Lisa Stansfield,Soul Deep,relaxed,test
ML118,Dave Matthews Band,Old Dirt Hill (Bring That Beat Back),relaxed,test
ML780,Ben Kweller,Thirteen,sad,test
ML1847,ERA,Ameno,relaxed,test
ML1007,Nine Inch Nails,Heresy,angry,test
ML801,Céline Dion,Declaration Of Love,happy,test
ML1127,At The Drive-In,Proxima Centauri,angry,test
ML438,Dinosaur Jr.,Not the Same,sad,test
ML1753,Enya,Amid the Falling Snow,relaxed,test
ML28,Opeth,By the Pain I See in Others,sad,test
ML422,Nicky Wire,Goodbye Suicide,sad,test
ML1219,Godsmack,Cryin' Like a Bitch,angry,test
ML727,2Pac,Me Against the World,angry,test
ML1605,En Vogue,Free Your Mind,happy,test
ML207,Aimee Mann,Little Bombs,sad,test
ML1292,Yo La Tengo,Big Day Coming,relaxed,test
ML909,Frank Sinatra,Nancy (With The Laughing Face),relaxed,test
ML1342,The Ronettes,Sleigh Ride,happy,test
ML1279,At The Drive-In,Chanbara,angry,test
ML1134,Nirvana,Tourette's,angry,test
ML479,"Loney, dear",Sinister in a State of Hope,relaxed,test
ML170,Nick Cave and the Bad Seeds,Oh My Lord,sad,test
ML953,Fannypack,Not This,relaxed,test
ML606,Tyler Hilton,Insomnia (Revised Album Version),relaxed,test
ML253,Young Jeezy,I Luv It,angry,test
ML1501,Papa Roach,Dead Cell,angry,test
ML280,Chicane,Autumn Tactics,relaxed,test
ML1068,Monkey,Pigsy In Space,relaxed,test
ML674,Neurosis,The Tide,sad,test
ML760,Susanna and the Magical Orchestra,Time,relaxed,test
ML807,Ours,Sometimes,sad,test
ML945,Sebadoh,Soul and Fire,sad,test
ML1781,Marissa Nadler,Rosary,sad,test
ML1981,Enya,Evacuee,relaxed,test
ML1348,Madness,Shut Up,happy,test
ML890,From First To Last,The Latest Plague,angry,test
ML608,Teitur,Rough Around The Edges,relaxed,test
ML839,Ozma,Continental Drift (Flight Of The Bootymademoiselle),sad,test
ML1074,Falco,Vienna Calling,happy,test
ML855,DIR EN GREY,CONCEIVED SORROW,sad,test
ML1044,Alan Jackson,Here In The Real World,sad,test
ML1126,Richard Thompson,Sibella,sad,test
ML1728,Destruction,Fear of the moment,angry,test
ML1961,Cake,Short Skirt/Long Jacket,happy,test
ML1002,Lou Reed,The Kids,sad,test
ML1551,Neurosis,To the Wind,sad,test
ML1969,Eminem,Lose Yourself,angry,test
ML1402,The Asteroids Galaxy Tour,Around The Bend,happy,test
ML133,Howard Jones,Things Can Only Get Better,happy,test
ML71,The World/Inferno Friendship Society,Only Anarchists Are Pretty,happy,test
ML268,Method Man,Bring the Pain,angry,test
ML899,Redman,Blow Your Mind,angry,test
ML162,Slayer,War Zone,angry,test
ML148,Tanya Stephens,It's A Pity,happy,test
ML1529,Opeth,The Baying of the Hounds,sad,test
ML1343,Rick James,Super Freak,happy,test
ML146,Lily Allen,Not Fair,happy,test
ML866,Soft Cell,Youth,sad,test
ML580,London After Midnight,Sacrifice,sad,test
ML1902,Arctic Monkeys,The View From the Afternoon,happy,test
ML1707,Tilly and the Wall,Sing Songs Along,happy,test
ML35,Natalie Walker,No One Else,relaxed,test
ML1198,Lene Marlin,When You Were Around,relaxed,test
ML275,Lene Marlin,Leave My Mind,relaxed,test
ML1549,Korn,Right Now,angry,test
ML611,Pantera,Cemetery Gates,angry,test
ML6,Hole,Violet,angry,test
ML1495,Tim Buckley,No Man Can Find The War,sad,test
ML151,Violent Femmes,It's Gonna Rain,happy,test
ML1353,Kasia Kowalska,Bezpowrotnie,sad,test
ML298,The Housemartins,We're Not Deep,happy,test
ML849,Kraftwerk,Autobahn,relaxed,test
ML964,Less Than Jake,Just Like Frank,happy,test
ML442,Metallica,Battery,angry,test
ML374,Hot Hot Heat,This Town,happy,test
ML195,Mylo,Sunworshipper,relaxed,test
ML1392,Von Hertzen Brothers,Another worthless day,sad,test
ML891,Primordial,Gods To The Godless,sad,test
ML383,Tina Turner,Steamy Windows,happy,test
ML1247,Foo Fighters,Wattershed,angry,test
ML717,Nine Days,Bitter,sad,test
ML468,Devo,(I Can't Get No) Satisfaction,angry,test
ML39,Hollywood Undead,Young,angry,test
ML325,Megadeth,Victory,angry,test
ML1368,The Cooper Temple Clause,Take Comfort,relaxed,test
ML1759,Hellsongs,Run to the Hills,relaxed,test
ML107,Rocky Votolato,Tennessee Train Tracks,relaxed,test
ML72,Tiger Lou,Like my very own blood,sad,test
ML184,Marilyn Monroe,I Wanna Be Loved By You,happy,test
ML1075,Atmosphere,The Keys to Life vs. 15 Minutes of Fame,angry,test
ML821,Dave Matthews Band,Satellite,relaxed,test
ML64,Eric Church,Sinners Like Me,relaxed,test
ML1662,Melody Gardot,Goodnite,relaxed,test
ML334,Foy Vance,Homebird,relaxed,test
ML457,Rammstein,Nebel,sad,test
ML672,Lisa Loeb,Wishing Heart,happy,test
ML1874,Timo Rautiainen & Trio Niskalaukaus,Lintu,sad,test
ML1859,Calvin Harris,Merrymaking At My Place,happy,test
ML1569,Terence Trent D'arby,Delicate,relaxed,test
ML1224,Nerf Herder,Welcome To My World,happy,test
ML140,Donald Byrd,Think Twice,relaxed,test
ML406,Carla Bruni,Le Ciel Dans Une Chambre,relaxed,test
ML539,XTC,Senses Working Overtime,angry,test
ML1472,The Innocence Mission,Walking Around,relaxed,test
ML342,Bullet For My Valentine,4 Words (To Choke Upon),angry,test
ML1699,Porcupine Tree,Shesmovedon,sad,test
ML1159,Yanni,Nostalgia,relaxed,test
ML1313,Augie March,There Is No Such Place,relaxed,test
ML701,Kate Nash,Mariella,happy,test
ML924,India.Arie,Nature,relaxed,test
ML646,Limp Bizkit,Getcha Groove On,angry,test
ML517,Hole,Gutless,angry,test
ML60,Metallica,Welcome Home (Sanitarium),sad,test
ML43,Alison Moyet,Invisible,sad,test
ML1635,James,Say Something,sad,test
ML130,João Gilberto,Chega De Saudade,relaxed,test
ML1736,Al Green,I'm Still In Love With You,relaxed,test
ML622,Nine Inch Nails,Zero-Sum,sad,test
ML1525,Yelle,Mal Poli,happy,test
ML1999,Fatboy Slim,Talking Bout My Baby,happy,test
ML1539,Shenandoah,Ghost In This House,sad,test
ML685,The Beatles,Run for Your Life,angry,test
ML941,Chevelle,Don't Fake This,angry,test
ML1261,At the Gates,Slaughter Of The Soul,angry,test
ML354,Soft Cell,Sex Dwarf,happy,test
ML287,Combichrist,The Corps Under My Bed,sad,test
ML553,The Get Up Kids,The Company Dime,happy,test
ML1994,Misfits,Violent World,angry,test
ML975,Corinne Bailey Rae,Another Rainy Day,relaxed,test
ML623,Astrud Gilberto,The Girl From Ipanema,relaxed,test
ML156,Daniel Lanois,Sometimes,relaxed,test
ML1774,The Arrogant Worms,Johnny Came Home Headless,happy,test
ML1763,Demon Hunter,My Heartstrings Come Undone,sad,test
ML1400,Matthews' Southern Comfort,Woodstock,relaxed,test
ML1204,Vio-Lence,Serial Killer,angry,test
ML1435,Mis-Teeq,Scandalous,happy,test
ML1432,The Cooper Temple Clause,Talking To A Brick Wall,sad,test
ML370,Novembre,Verne,sad,test
ML1406,G. Love & Special Sauce,Relax,relaxed,test
ML1054,Rage Against the Machine,Settle for Nothing,angry,test
ML1598,Lisa Hannigan,Pistachio,relaxed,test
ML1682,Daughtry,What I Want,angry,test
ML245,"""Weird Al"" Yankovic",The Night Santa Went Crazy,happy,test
ML38,Bad Manners,Can Can,happy,test
ML794,Behemoth,At the Left Hand Ov God,angry,test
ML1102,Tunng,Man in the box,relaxed,test
ML326,Tindersticks,The Not Knowing,sad,test
ML1112,Bruce Springsteen,Pay Me My Money Down,happy,test
ML892,Rage Against the Machine,Mic Check,angry,test
ML77,Reel Big Fish,"New York, New York",happy,test
ML1072,Deathstars,Synthetic generation,sad,test
ML269,Lucinda Williams,Those Three Days,sad,test
ML550,Harvey Danger,Flagpole Sitta,happy,test
ML1050,Soulfly,Back to the Primitive,angry,test
ML416,Prince,Fury,angry,test
ML1434,The Ohio Players,I Want To Be Free,relaxed,test
ML1263,"""Weird Al"" Yankovic",Cable TV,happy,test
ML992,The Helio Sequence,Back to This,relaxed,test
ML1850,Dr. Bombay,Rice & Curry,happy,test
ML1457,Zombie Girl,Creepy Crawler,angry,test
ML1171,Sade,Hang On To Your Love,relaxed,test
ML1971,Happy Mondays,Kinky Afro,happy,test
ML1237,Rage Against the Machine,Maggie's Farm,angry,test
ML1559,Husky Rescue,Diamonds in the Sky,relaxed,test
ML1041,Sing It Loud,No One Can Touch Us (Featuring Alex Gaskarth),happy,test
ML451,Starfucker,Girls Just Want To Have Fun,happy,test
ML65,Bachman-Turner Overdrive,Roll On Down The Highway,happy,test
ML379,Eric Clapton,Reptile,relaxed,test
ML54,José Padilla,Adios Ayer,relaxed,test
ML1059,Siobhan Donaghy,So You Say,sad,test
ML803,Ice Cube,No Vaseline,angry,test
ML395,The Cure,The Figurehead,sad,test
ML1907,Love,Orange Skies,relaxed,test
ML1995,W.A.S.P.,I Don't Need No Doctor,angry,test
ML1443,Judy Garland,I'm Nobody's Baby,sad,test
ML1033,Dntel,(This Is) The Dream of Evan and Chan,relaxed,test
ML37,Stereophonics,Bright Red Star,sad,test
ML1667,David Ford,Laughing Aloud,relaxed,test
ML1078,Stephen Lynch,Gay,happy,test
ML812,Local Natives,Who Knows Who Cares,sad,test
ML1246,Cavalera Conspiracy,Hearts of Darkness,angry,test
ML1346,Jessica Simpson,A Public Affair,happy,test
ML1272,Anberlin,The Runaways,angry,test
ML947,Linkin Park,Runaway,angry,test
ML905,The Pipettes,Tell Me What You Want,happy,test
ML999,Johnny Cash,Sunday Morning Coming Down,sad,test
ML1964,Slipknot,(Sic),angry,test
ML918,Todd Rundgren,One More Day (No Word),relaxed,test
ML633,Thievery Corporation,Heaven's Gonna Burn Your Eyes,relaxed,test
ML917,The Jackson 5,ABC,happy,test
ML1267,OK Go,This Will Be Our Year,happy,test
ML1328,Blue October,Razorblade,angry,test
ML1474,Michelle Williams,We Break The Dawn,happy,test
ML1632,Goldfish,Hold Tight,happy,test
ML1332,Sleeping at Last,Hurry,relaxed,test
ML1115,Bikini Kill,Suck My Left One,angry,test
ML1654,No Use for a Name,Born Addicted,angry,test
ML946,Opeth,Moonlapse Vertigo,sad,test
ML527,Stacey Kent,The Ice Hotel,relaxed,test
ML1611,DIR EN GREY,AGITATED SCREAMS OF MAGGOTS,angry,test
ML154,Black Flag,Police Story,angry,test
ML861,AC/DC,Evil Walks,angry,test
ML1891,Stray Cats,Rock This Town,happy,test
ML1648,Gary Numan,Absolution,sad,test
ML1388,My Dying Bride,Grace Unhearing,sad,test
ML480,Kraak & Smaak,Squeeze Me,happy,test
ML1836,Telepathe,So Fine,happy,test
ML596,Peaches,Suck and Let Go,happy,test
ML403,Slayer,Psychopathy Red,angry,test
ML1309,Split Enz,I Got You,angry,test
ML1515,Donald Fagen,Walk Between Raindrops,relaxed,test
ML1880,Black Rebel Motorcycle Club,Suddenly,sad,test
ML1129,Sham 69,If The Kids Are United,angry,test
ML1387,N.W.A,Gangsta Gangsta,angry,test
ML1252,Judas Priest,Angel,sad,test
ML1468,Carnifex,Sadistic Embrace,angry,test
ML109,Okkervil River,"So Come Back, I Am Waiting",sad,test
ML1334,Antony and the Johnsons,Free at Last,sad,test
ML1547,Delta Goodrem,You Will Only Break My Heart,happy,test
ML1536,Boyzone,Baby Can I Hold You,relaxed,test
ML1215,U2,MLK,sad,test
ML1189,Emery,Fractions,sad,test
ML1913,Lunascape,Inferno,relaxed,test
ML51,Muse,Agitated,angry,test
ML795,Ke$ha,Blah Blah Blah ,happy,test
ML1193,The Cure,Us Or Them,angry,test
ML1192,Ramones,Do You Remember Rock 'N' Roll Radio?,happy,test
ML620,Black Flag,Gimmie Gimmie Gimmie,angry,test
ML1593,Pete and the Pirates,Mr Understanding,happy,test
ML805,Silverchair,Miss You Love,sad,test
ML1046,Jennifer Lopez,I'm Real,happy,test
ML894,Rage Against The Machine,Killing in the Name,angry,test
ML1177,The Byrds,Wasn't Born To Follow,happy,test
ML1426,Jonas Brothers,Shelf,happy,test
ML1358,Megadeth,Promises,angry,test
ML1082,Bright Eyes,A Perfect Sonnet,sad,test
ML1537,Howard Jones,Life In One Day,happy,val
ML50,Morrissey,Life Is A Pigsty,sad,val
ML1879,Max Richter,Old Song,relaxed,val
ML172,Silversun Pickups,Booksmart Devil,relaxed,val
ML1259,Headstones,Fuck you,angry,val
ML966,L'Arc~en~Ciel,ALONE EN LA VIDA,sad,val
ML1510,Pnau,Embrace,happy,val
ML102,Matt Costa,Lilacs,relaxed,val
ML1466,Slipknot,Pulse of the Maggots,angry,val
ML1453,Pere Ubu,30 Seconds Over Tokyo,angry,val
ML477,Ice Cube,Dirty Mack,angry,val
ML205,Saosin,Sleepers,angry,val
ML1928,Liv Kristine,Take Good Care,relaxed,val
ML1589,Blondie,One Way Or Another,happy,val
ML48,Helena Bonham Carter & Johnny Depp,Poor Thing,sad,val
ML883,Lily Allen,Friday Night,happy,val
ML1780,Yael Naïm,Lonely,sad,val
ML171,Natalie Merchant,Just Can't Last,relaxed,val
ML414,Silbermond,Durch die Nacht,sad,val
ML939,Nevermore,Enemies Of Reality,angry,val
ML949,of Montreal,The Party's Crashing Us,happy,val
ML359,Louis Armstrong,I Still Get Jealous,relaxed,val
ML577,Manic Street Preachers,The Everlasting,sad,val
ML484,Black Flag,Depression,angry,val
ML1701,The Rolling Stones,Heart Of Stone,sad,val
ML1271,Luther Vandross,Promise Me,relaxed,val
ML1497,Bad Company,Bad Company,sad,val
ML279,British Sea Power,The Lonely,sad,val
ML390,Pink Floyd,Take Up Thy Stethoscope and Walk,angry,val
ML1706,Björn Rosenström,Lurad,happy,val
ML329,The Gathering,Black Light District,sad,val
ML944,Less Than Jake,History Of A Boring Town,happy,val
ML1359,The Stone Roses,(Song For My) Sugar Spun Sister,relaxed,val
ML1659,Nine Inch Nails,Ruiner,angry,val
ML1703,Drowning Pool,Step Up,angry,val
ML460,Goldfrapp,Utopia,relaxed,val
ML930,Infernal,I Won't Be Crying,happy,val
ML371,Franz Ferdinand,Love and Destroy,happy,val
ML1622,Zero 7,I Have Seen,relaxed,val
ML619,Guns N' Roses,Sweet Child O' Mine,happy,val
ML1744,The Brand New Heavies,Dream Come True,happy,val
ML112,Megadeth,Recipe for Hate...Warhorse,angry,val
ML1492,Blur,It Could Be You,happy,val
ML429,Rage Against the Machine,Bulls on Parade,angry,val
ML227,Doors,Break on Through (To the Other Side),angry,val
ML744,Manic Street Preachers,4st 7lb,angry,val
ML113,Peter Sellers,Unchained Melody,happy,val
ML1970,Green Carnation,Two Seconds in Life,sad,val
ML210,LCD Soundsystem,All My Friends (John Cale's Version),sad,val
ML1556,Sharon Van Etten,Don't Do It,sad,val
ML1269,The Pipettes,Your Kisses Are Wasted On Me,happy,val
ML229,Camper Van Beethoven,Good Guys & Bad Guys,happy,val
ML1734,Lamb of God,What I've Become,angry,val
ML1665,Norah Jones,Broken,relaxed,val
ML1842,Eugene McGuinness,Those Old Black and White Movies Were True,relaxed,val
ML1025,Manic Street Preachers,I'm Not Working,sad,val
ML239,IVY,Edge of the Ocean,relaxed,val
ML786,Norah Jones,The Long Day Is Over,relaxed,val
ML485,Electric Light Orchestra,Sweet Talkin' Woman,happy,val
ML1694,The Specials,Guns of Navarone,happy,val
ML9,Megadeth,Architecture of Aggression,angry,val
ML834,Amos Lee,"Keep It Loose, Keep It Tight",relaxed,val
ML724,Hanne Hukkelberg,Cast Anchor,relaxed,val
ML1755,The Little Ones,There's a Pot a Brewin',happy,val
ML686,Cat Stevens,Lilywhite,relaxed,val
ML528,Devo,That's Good,happy,val
ML1619,The Cure,The Lovecats,happy,val
ML1867,Daniel Boone,Beautiful Sunday,happy,val
ML1543,The Good Life,Heartbroke,sad,val
ML878,Papa Roach,Last Resort,angry,val
ML1311,Norah Jones,The Long Way Home,relaxed,val
ML1095,Lard,The Power of Lard,angry,val
ML1230,Nightmares On Wax,Flip Ya Lid,relaxed,val
ML1135,Rage Against the Machine,Bombtrack,angry,val
ML235,Suicide Silence,Unanswered,angry,val
ML1460,DIR EN GREY,Merciless Cult,angry,val
ML520,Jon & Vangelis,He Is Sailing,relaxed,val
ML789,Keren Ann,Ailleurs,relaxed,val
ML1352,Anthrax,Anti-Social,angry,val
ML784,The Clash,London's Burning,angry,val
ML1724,Slayer,Overt Enemy,angry,val
ML1339,Elvis Presley,In The Ghetto,sad,val
ML1480,Megadeth,Train of Consequences,angry,val
ML956,Cassandra Wilson,Closer To You,relaxed,val
ML1884,Maximilian Hecker,Summer Days in Bloom,relaxed,val
ML1009,At The Drive In,Quarantined,angry,val
ML1085,Republika,Odchodząc,sad,val
ML1079,Katatonia,Criminals,sad,val
ML1058,The Beatles,Twist and Shout,happy,val
ML318,My Morning Jacket,Evil Urges,happy,val
ML1764,Eluveitie,Elembivos,sad,val
ML813,Metallica,Damage Inc.,angry,val
ML1546,Idlewild,Love Steals Us From Loneliness,sad,val
ML969,Primordial,The Coffin Ships,sad,val
ML769,Cypress Hill,Stoned Is the Way of the Walk,angry,val
ML736,The Airborne Toxic Event,Something New,sad,val
ML222,Molotov,Puto,happy,val
ML486,Vanity 6,Nasty Girl,happy,val
ML1465,Sambassadeur,Ice & Snow,relaxed,val
ML1379,The Brian Setzer Orchestra,Since I Don't Have You,sad,val
ML1071,Burzum,En Ring Til Aa Herske,sad,val
ML431,Annie,Marie Cherie,sad,val
ML652,Toy-Box,The Sailor Song,happy,val
ML1167,The Decemberists,The Hazards of Love 4 (The Drowned),sad,val
ML673,Elliott Smith,Bottle Up And Explode!,relaxed,val
ML660,D'Angelo,Jonz In My Bonz,relaxed,val
ML1930,Amy Winehouse,Monkey Man,happy,val
ML513,The Aquabats,Pool Party,happy,val
ML1837,Cat Stevens,How Can I Tell You,relaxed,val
ML267,Dolores Keane,Never Be the Sun,relaxed,val
ML631,Tyrone Wells,Sea Breeze,relaxed,val
ML1711,Kiss,I Still Love You,sad,val
ML1463,The Sisters Of Mercy,Doctor Jeep,sad,val
ML1940,Biosphere,The Things I Tell You,relaxed,val
ML1212,Nice & Smooth,Sometimes I Rhyme Slow,relaxed,val
ML127,Etta James,My Dearest Darling,happy,val
ML569,Black Buddafly,Bad Girl ,happy,val
ML525,Nas,Ether,angry,val
ML155,Nine Inch Nails,Every Day Is Exactly The Same,sad,val
ML889,Captain Hollywood Project,More and More,happy,val
ML81,Erik Hassle,Hurtful,sad,val
ML653,Enya,Wild Child,relaxed,val
ML1175,Village People,Macho Man,happy,val
ML306,Krokus,Long Stick Goes Boom,angry,val
ML1354,Kanye West,Through The Wire,happy,val
ML1803,Zac Brown Band,Chicken Fried,happy,val
ML1436,Tamia,You Put A Move On My Heart,relaxed,val
ML711,Dixie Chicks,Voice Inside My Head,sad,val
ML290,The Lonely Island,I'm on a Boat (feat. T-Pain),happy,val
ML1602,Britney Spears,The Beat Goes On,happy,val
ML693,Janis Joplin,Summertime,sad,val
ML1125,Remi Nicole,Dates From Hell,happy,val
ML1295,Faith No More,Epic,angry,val
ML1161,Boz Scaggs,Jojo,relaxed,val
ML1018,Ozzy Osbourne,No Easy Way Out,angry,val
ML1893,Isobel Campbell & Mark Lanegan,No Place To Fall,sad,val
ML832,Sting,Little Wing,relaxed,val
ML1485,Detonautas Roque Clube,Você Me Faz Tão Bem,sad,val
ML202,Five Iron Frenzy,My Evil Plan To Save The World,happy,val
ML432,Rosenstolz,Sex im Hotel,happy,val
ML919,Rage Against the Machine,Wind Below,angry,val
ML715,PJ Harvey,The Darker Days Of Me & Him,sad,val
ML1526,Shearwater,You're the Coliseum,relaxed,val
ML1300,Psapp,The Words,happy,val
ML114,The Replacements,Can't Hardly Wait,sad,val
ML1802,Zen Café,Vattupuskassa,sad,val
ML2,Rob Zombie,Pussy Liquor,angry,val
ML1273,Tom Zé,A Felicidade,relaxed,val
ML404,Anita Baker,You Belong To Me,relaxed,val
ML428,Hard 'n Phirm,Pi,happy,val
ML323,ERA,Omen Sore,relaxed,val
ML876,Mariah Carey,Melt Away,relaxed,val
ML1638,Ice Cube,My Summer Vacation,angry,val
ML436,Afghan Whigs,66,happy,val
ML204,Tenacious D,Kielbasa,happy,val
ML1863,Macy Gray,Come Together,relaxed,val
ML262,Detonautas Roque Clube,Olhos Certos,sad,val
ML1276,Opeth,Blackwater Park,sad,val
ML53,Rascal Flatts,Summer Nights,happy,val
ML1157,Silverchair,Trash,angry,val
ML1631,Soulsavers,You Will Miss Me When I Burn,sad,val
ML1360,Mastodon,Hearts Alive,angry,val
ML758,Arcana,Like Statues In The Garden Of Dreaming,sad,val
ML1790,Gorgoroth,Incipit satan,angry,val
ML973,The Unicorns,Sea Ghost,happy,val
ML1713,Veronica Maggio,Måndagsbarn,happy,val
ML884,Sandi Thom,What If I'm Right,happy,val
ML143,Bob Dylan,One Of Us Must Know (Sooner Or Later),sad,val
ML1201,Strokes,Hard to Explain,angry,val
ML1641,Hot Chocolate,You Sexy Thing,happy,val
ML1527,Lloyd Cole And The Commotions,Are You Ready To Be Heartbroken?,sad,val
ML349,Molly Johnson,If You Know Love,relaxed,val
ML841,Rage Against the Machine,Voice of the Voiceless,angry,val
ML1042,Bauhaus,The Three Shadows Part 2,sad,val
ML1228,Suicide,Frankie Teardrop,angry,val
ML1449,Rage Against the Machine,No Shelter,angry,val
ML471,Qntal,Remember Me,sad,val
ML1190,DMX,Ruff Ryders' Anthem,angry,val
ML1817,Cascada,What Hurts The Most,happy,val
ML310,Powerman 5000,Action,angry,val
ML738,Enya,Deora Ar Mo Chroí,relaxed,val
ML1821,India.Arie,Little Things,relaxed,val
ML1296,Blu Cantrell,Don't Wanna Say Goodbye,sad,val
ML44,Eminem,We Made You,happy,val
ML62,The Flying Burrito Brothers,Do You Know How It Feels,sad,val
ML63,Grizzly Bear,Easier,relaxed,val
ML177,Sheb Wooley,The Purple People Eater,happy,val
ML1378,Lamb of God,Walk with Me in Hell,angry,val
ML512,Rage Against the Machine,Ashes In The Fall,angry,val
ML1838,A Perfect Circle,What's Going On,relaxed,val
ML650,Shirley Horn,A Time For Love,relaxed,val
ML799,Karen Matheson,Mi Le M' Uilinn,relaxed,val
ML904,The Blues Brothers,Rubber Biscuit,happy,val
ML545,Propaganda,Wound In My Heart,relaxed,val
ML1185,Nine Inch Nails,Wish,angry,val
ML1747,Killswitch Engage,Unbroken,angry,val
ML533,Natalie Merchant,Thick As Thieves (2005 Version),sad,val
ML116,Móveis Coloniais de Acaju,Swing hum e meio,happy,val
ML1490,Imogen Heap,Spooky,relaxed,val
ML1381,Kosheen,Under Fire,sad,val
ML1866,Aloha From Hell,Walk Away,sad,val
ML399,Slayer,Necrophiliac,angry,val
ML1149,The Eames Era,Could Be Anything,happy,val
ML350,The Tear Garden,Ophelia,sad,val
ML1413,Cobra Starship,It's Warmer In The Basement,happy,val
ML1244,Celtic Woman,Away In A Manger,relaxed,val
ML538,Roxy Music,Just Another High,sad,val
ML495,New Model Army,"No Mirror, No Shadow",sad,val
ML1746,Megadeth,Seven,angry,val
ML511,The Concretes,On The Radio,happy,val
ML593,The Chameleons,Soul in Isolation,sad,val
ML879,Guillemots,Falling Out Of Reach,relaxed,val
ML25,Creed,Illusion,angry,val
ML1905,Sun Kil Moon,Carry Me Ohio,sad,val
ML1988,Slayer,World Painted Blood,angry,val
ML348,Norah Jones,Back To Manhattan,sad,val
ML1572,Krokus,Screaming in the Night,angry,val
ML1035,Jay-Z,Success,angry,val
ML33,Nickleback,Rockstar,angry,val
ML853,Velvet Underground,White Light/White Heat,angry,val
ML1022,Acoustic Alchemy,Say Yeah,relaxed,val
ML1592,Michael Jackson,Someone Put Your Hand Out,relaxed,val
ML236,The Dodos,It's That Time Again,sad,val
ML552,Julie Doiron,Penses-Donc (Tu Es Seule),sad,val
ML1670,Despised Icon,In The Arms Of Perdition,angry,val
ML560,Hem,Sailor,relaxed,val
ML1419,Dexys Midnight Runners,Come On Eileen,happy,val
ML1145,Jonathan Coulton,Ikea,happy,val
ML1489,Union of Knives,Evil Has Never,sad,val
ML167,Alice in Chains,Sludge Factory,sad,val
ML1822,Swallow The Sun,Don't Fall Asleep (Horror Pt. 2),sad,val
ML1596,Copeland,The Grey Man,relaxed,val
ML581,Stevie Wonder,A Place In The Sun,relaxed,val
ML258,Alice in Chains,Am I Inside,sad,val
ML58,Cradle of Filth,Dirge Inferno,angry,val
ML497,Monkey,The Living Sea,relaxed,val
ML1176,Ella Fitzgerald,Let Yourself Go,relaxed,val
ML656,Kate Nash,Pumpkin Soup,happy,val
ML663,Andrew Bird,Masterfade,relaxed,val
ML1532,My Dying Bride,The Light at the End of the World,sad,val
ML713,Carbon Based Lifeforms,PhotoSynthesis,relaxed,val
ML1137,Nick Cave and the Bad Seeds,Far From Me,sad,val
ML1567,Turisas,Sahti-Waari,happy,val
ML41,Working for a Nuclear Free City,Quiet Place,relaxed,val
ML223,Victoria Beckham,I Wish,happy,val
ML1194,Guns N Roses,Paradise City,angry,val
ML1202,Deerhoof,"O'Malley, Former Underdog",happy,val
ML296,Britney Spears,Break The Ice,happy,val
ML1411,Kelly Clarkson,Don't Let Me Stop You,angry,val
ML756,Jimmy Eat World,Claire,relaxed,val
ML1092,Hatebreed,I Will Be Heard,angry,val
ML377,Robert Plant,In The Mood,relaxed,val
ML1293,Celtic Woman,The Blessing,relaxed,val
ML914,Bright Eyes,Classic Cars,relaxed,val
ML1027,DIR EN GREY,VINUSHKA,angry,val
ML476,Alexisonfire,You Burn First,angry,val
ML1325,Ministry,Wrong,angry,val
ML993,Michael Jackson,Bad,happy,val
ML387,Dark Sanctuary,Des Illusions,sad,val
ML257,Ice Cube,The Wrong Nigga to Fuck Wit,angry,val
ML308,She & Him,Sweet Darlin',happy,val
ML1147,Nick Cave and the Bad Seeds,Hallelujah,sad,val
ML216,Tom Petty And The Heartbreakers,American Girl,happy,val
ML226,Tori Amos,Velvet Revolution,sad,val
ML478,Beastie Boys,Time for Livin',angry,val
ML546,Suburban Kids With Biblical Names,Seems To Be on My Mind,happy,val
ML542,Jagged Edge,Round And Round,relaxed,val
ML816,Machine Head,Take my Scars,angry,val
ML1731,Tilly and the Wall,Fell Down the Stairs,happy,val
ML1548,Metallica,Last Caress/Green Hell,angry,val
ML173,The Mountain Goats,No Children,sad,val
ML209,Jason Collett,Blue Sky,relaxed,val
ML1800,J.B.O.,Walk with An Erection,happy,val
ML1942,Lordi,Hard Rock Hallelujah,happy,val
ML317,Aqua,Around The World,happy,val
ML293,Opeth,Dirge for November,sad,val
ML11,The Clientele,Impossible,relaxed,val
ML1558,Alesana,"Congratulations, I hate you",angry,val
ML896,Mazzy Star,Before I Sleep,relaxed,val
ML1538,Mindy Smith,Falling,relaxed,val
ML1366,Glashaus,Was immer jetzt geschieht,sad,val
ML1725,Blue Öyster Cult,Death Valley Nights,sad,val
ML1097,They Might Be Giants,Birdhouse In Your Soul,happy,val
ML23,Demon Hunter,The Tide Began To Rise,sad,val
ML261,Children of Bodom,Hate Me!,angry,val
ML1123,Tenacious D,Car Chase City,happy,val
ML1504,Talk Talk,I Don't Believe in You,sad,val
ML1757,The Album Leaf,There Is A Wind,relaxed,val
ML1758,The Bird And The Bee,I'm a Broken Heart,sad,val
ML1745,Jack Johnson,Adrift,relaxed,val
ML1310,Don Omar,Salio El Sol,happy,val
ML739,Massive Attack,Daydreaming,relaxed,val
ML958,Misfits,Halloween,angry,val
ML465,Adema,Rip The Heart Out Of Me,angry,val
ML639,The Rolling Stones,Tie You Up (The Pain of Love),angry,val
ML842,Anthrax,Indians,angry,val
ML1565,Megadeth,Mastermind,angry,val
ML1906,Sylvester,You Make Me Feel (Mighty Real),happy,val
ML1049,Elbow,little beast,sad,val
